{
  "type": "FeatureCollection",
  "features": [
    {
      "type": "Feature",
      "id": 1,
      "properties": {
        "jet_id": 1,
        "area": 423.0
      },
      "geometry": {
        "type": "LineString",
        "coordinates": [
          [
            -77.75,
            -72.25
          ],
          [
            -79.99098440676867,
            -72.27378293972282
          ],
          [
            -80.13006651322455,
            -72.27439218541892
          ],
          [
            -80.27432777354639,
            -72.2749107217814
          ],
          [
            -80.42373876860748,
            -72.27532472895405
          ],
          [
            -80.57825815225159,
            -72.2756197014447
          ],
          [
            -80.73783298789434,
            -72.27578047940298
          ],
          [
            -80.90239891858334,
            -72.27579069278131
          ],
          [
            -81.07188088923765,
            -72.27563336664377
          ],
          [
            -81.24619430810652,
            -72.27529242993539
          ],
          [
            -81.425244695645,
            -72.27475043229288
          ],
          [
            -81.6089284484643,
            -72.27398883061484
          ],
          [
            -81.79713387321867,
            -72.2729888240561
          ],
          [
            -81.98974241253497,
            -72.27173256910868
          ],
          [
            -82.18662829813194,
            -72.27020053412713
          ],
          [
            -82.38765988842752,
            -72.26837287726114
          ],
          [
            -82.59270112882245,
            -72.26623109713402
          ],
          [
            -82.80161115621792,
            -72.26375519922733
          ],
          [
            -83.01424554580476,
            -72.26092484149385
          ],
          [
            -83.23045781998397,
            -72.2577211446868
          ],
          [
            -83.45009887182364,
            -72.2541235159644
          ],
          [
            -83.67301878559287,
            -72.2501123222653
          ],
          [
            -83.89906755486085,
            -72.24566897795063
          ],
          [
            -84.12809485403474,
            -72.24077383436835
          ],
          [
            -84.35995128045009,
            -72.2354077163111
          ],
          [
            -84.59448908972554,
            -72.22955233948488
          ],
          [
            -84.83156262728819,
            -72.22319010472948
          ],
          [
            -85.07102816009342,
            -72.21630255852526
          ],
          [
            -85.31274514326762,
            -72.2088724344108
          ],
          [
            -85.55657524883264,
            -72.20088254146016
          ],
          [
            -85.80238555129424,
            -72.19231697746714
          ],
          [
            -86.05004551340637,
            -72.1831597889415
          ],
          [
            -86.29942982142444,
            -72.17339606775819
          ],
          [
            -86.55041738472917,
            -72.16301147140479
          ],
          [
            -86.80289102738413,
            -72.1519920406864
          ],
          [
            -87.0567377370697,
            -72.14032425750386
          ],
          [
            -87.31185044332489,
            -72.1279957435492
          ],
          [
            -87.56812497287707,
            -72.11499396694363
          ],
          [
            -87.82546372063987,
            -72.10130773444006
          ],
          [
            -88.08377273782375,
            -72.08692595895472
          ],
          [
            -88.34296175523352,
            -72.07183764320958
          ],
          [
            -88.60294596883065,
            -72.05603259200554
          ],
          [
            -88.86364481775101,
            -72.03950087589595
          ],
          [
            -89.1249812893979,
            -72.02223250899442
          ],
          [
            -89.38688178593208,
            -72.00421735396736
          ],
          [
            -89.64927791047948,
            -71.98544581588963
          ],
          [
            -89.91210401351351,
            -71.96590777287132
          ],
          [
            -90.17529674777202,
            -71.94559233113252
          ],
          [
            -90.43879515005074,
            -71.92448872695182
          ],
          [
            -90.70254276291078,
            -71.902584975867
          ],
          [
            -90.96648567588984,
            -71.87986816723112
          ],
          [
            -91.23057177152883,
            -71.85632446824859
          ],
          [
            -91.49475089408497,
            -71.83193873549779
          ],
          [
            -91.75897326689046,
            -71.80669484384899
          ],
          [
            -92.02319252346194,
            -71.78057409874224
          ],
          [
            -92.28736296425146,
            -71.75355603738257
          ],
          [
            -92.5514394458258,
            -71.72561813948288
          ],
          [
            -92.8153771876104,
            -71.69673557508094
          ],
          [
            -93.07913072412019,
            -71.66688131236326
          ],
          [
            -93.34265662749011,
            -71.63602467307548
          ],
          [
            -93.60591027384552,
            -71.6041323676684
          ],
          [
            -93.86884526007432,
            -71.5711684485895
          ],
          [
            -94.13141639612167,
            -71.53709280189382
          ],
          [
            -94.39357554304662,
            -71.50186262492477
          ],
          [
            -94.65527391085517,
            -71.4654312542184
          ],
          [
            -94.91646118275513,
            -71.42774833703794
          ],
          [
            -95.17708519996413,
            -71.38875980278765
          ],
          [
            -95.43709173759254,
            -71.34840783153446
          ],
          [
            -95.69642429218288,
            -71.30663085504392
          ],
          [
            -95.95502388177617,
            -71.26336359218317
          ],
          [
            -96.21282885930874,
            -71.21853712023365
          ],
          [
            -96.46977480844295,
            -71.17207895499452
          ],
          [
            -96.72579531024887,
            -71.12391281420243
          ],
          [
            -96.98081888002018,
            -71.07396001203637
          ],
          [
            -97.23477168799953,
            -71.02213850276704
          ],
          [
            -97.48757735693108,
            -70.96836317989015
          ],
          [
            -97.73915495889256,
            -70.91254696507997
          ],
          [
            -97.98942065887393,
            -70.85460042934167
          ],
          [
            -98.23828758385062,
            -70.79443219023912
          ],
          [
            -98.48566470207372,
            -70.73194975801523
          ],
          [
            -98.73145840819049,
            -70.66706013565117
          ],
          [
            -98.97557103384608,
            -70.5996696497956
          ],
          [
            -99.21789963147084,
            -70.52968454165865
          ],
          [
            -99.45833961134198,
            -70.45701156617446
          ],
          [
            -99.69678295683335,
            -70.3815585022335
          ],
          [
            -99.933118324948,
            -70.3032346740279
          ],
          [
            -100.16723116622916,
            -70.2219514791466
          ],
          [
            -100.3990038645398,
            -70.13762291891283
          ],
          [
            -100.62831589725282,
            -70.05016612636504
          ],
          [
            -100.85504283779372,
            -69.95950139902556
          ],
          [
            -101.07905983109262,
            -69.86555406380823
          ],
          [
            -101.30023882314549,
            -69.76825355259749
          ],
          [
            -101.5184494001027,
            -69.66753341791214
          ],
          [
            -101.73355902828096,
            -69.56333503025989
          ],
          [
            -101.9454346662439,
            -69.4556058446284
          ],
          [
            -102.15394077962596,
            -69.34429730840188
          ],
          [
            -102.35894215751583,
            -69.22936856449964
          ],
          [
            -102.5603019520749,
            -69.1107855897561
          ],
          [
            -102.75788533315577,
            -68.98852130093866
          ],
          [
            -102.95155488223561,
            -68.86255731984245
          ],
          [
            -103.14117550698417,
            -68.73288272373934
          ],
          [
            -103.32661488965164,
            -68.59949548630566
          ],
          [
            -103.50773967040645,
            -68.46239868915649
          ],
          [
            -103.68442008215958,
            -68.32160427302773
          ],
          [
            -103.8565306109246,
            -68.17713293953506
          ],
          [
            -104.02394732223203,
            -68.02901224685311
          ],
          [
            -104.18655156158812,
            -67.87727691537727
          ],
          [
            -104.34422888363518,
            -67.7219713066802
          ],
          [
            -104.49687084501456,
            -67.56314622084278
          ],
          [
            -104.64437581792374,
            -67.40086029078937
          ],
          [
            -104.78664901743312,
            -67.23517712680547
          ],
          [
            -104.9236037770984,
            -67.06616754991987
          ],
          [
            -105.0551608125042,
            -66.89390817944152
          ],
          [
            -105.18125112470615,
            -66.71848166495414
          ],
          [
            -105.30181593246111,
            -66.53997590162818
          ],
          [
            -105.41680745999605,
            -66.35848357653772
          ],
          [
            -105.52618971203742,
            -66.17410169298137
          ],
          [
            -105.62993922795876,
            -65.98693107642356
          ],
          [
            -105.72804703057047,
            -65.79707637280663
          ],
          [
            -105.82051635699094,
            -65.60464430474686
          ],
          [
            -105.90736523741019,
            -65.40974394840086
          ],
          [
            -105.98862724320963,
            -65.2124862723218
          ],
          [
            -106.06435291390221,
            -65.01298398539663
          ],
          [
            -106.13460702138642,
            -64.81134969597345
          ],
          [
            -106.1994711647188,
            -64.6076963217267
          ],
          [
            -106.25904519473362,
            -64.40213706464412
          ],
          [
            -106.31344416947992,
            -64.194783591312
          ],
          [
            -106.36280020282837,
            -63.98574630273509
          ],
          [
            -106.4072637411133,
            -63.77513443563758
          ],
          [
            -106.44700081786853,
            -63.563055423335136
          ],
          [
            -106.4821928751388,
            -63.34961211352186
          ],
          [
            -106.51303779561444,
            -63.13490500316752
          ],
          [
            -106.53974878311726,
            -62.91903157941106
          ],
          [
            -106.56255474037005,
            -62.7020861083538
          ],
          [
            -106.58169606518332,
            -62.48415795684371
          ],
          [
            -106.59742604278142,
            -62.26533231904133
          ],
          [
            -106.6100095321219,
            -62.04568990790272
          ],
          [
            -106.61972179982868,
            -61.825307251409654
          ],
          [
            -106.62684750961377,
            -61.60425588346518
          ],
          [
            -106.63167706286387,
            -61.38260072446468
          ],
          [
            -106.6345071232559,
            -61.16040324119411
          ],
          [
            -106.63563776499805,
            -60.937718524906714
          ],
          [
            -106.63537116566144,
            -60.71459628183389
          ],
          [
            -106.63401030662233,
            -60.4910819846826
          ],
          [
            -106.63185617355853,
            -60.26721450187063
          ],
          [
            -106.62920638781263,
            -60.04302723415481
          ],
          [
            -106.62635374882389,
            -59.81854904194867
          ],
          [
            -106.62358369315623,
            -59.59380349949059
          ],
          [
            -106.62117262188076,
            -59.36880906723982
          ],
          [
            -106.61938731307939,
            -59.14357971308804
          ],
          [
            -106.6184826714677,
            -58.91812483485533
          ],
          [
            -106.61870025943695,
            -58.69244948747579
          ],
          [
            -106.6202671420991,
            -58.466555096626195
          ],
          [
            -106.62339444063623,
            -58.24043915766881
          ],
          [
            -106.62827573368271,
            -58.01409422235297
          ],
          [
            -106.63508720037144,
            -57.7875107145132
          ],
          [
            -106.64398643856107,
            -57.560676146223685
          ],
          [
            -106.65511192057066,
            -57.33357545187613
          ],
          [
            -106.668582633229,
            -57.106191331779044
          ],
          [
            -106.68449825496907,
            -56.878505448464544
          ],
          [
            -106.7029382702394,
            -56.650496611272935
          ],
          [
            -106.72396389367259,
            -56.422142853317254
          ],
          [
            -106.74761579957642,
            -56.19342130695408
          ],
          [
            -106.77391634739703,
            -55.96430872338875
          ],
          [
            -106.80287160566988,
            -55.734782364872636
          ],
          [
            -106.8344699852792,
            -55.50481942160637
          ],
          [
            -106.86868405153662,
            -55.27439804046739
          ],
          [
            -106.90547184013991,
            -55.04349780615915
          ],
          [
            -106.94477779347389,
            -54.81209932105839
          ],
          [
            -106.98653411570325,
            -54.58018456526461
          ],
          [
            -107.03066168780563,
            -54.347736005950225
          ],
          [
            -107.07707251852005,
            -54.11473927037636
          ],
          [
            -107.12567099986609,
            -53.88118283312599
          ],
          [
            -107.17635505090396,
            -53.647057378322764
          ],
          [
            -107.2290171075756,
            -53.41235547676499
          ],
          [
            -107.28354654985802,
            -53.17707476528719
          ],
          [
            -107.33983160736925,
            -52.94121372781795
          ],
          [
            -107.39775878411592,
            -52.704773927555934
          ],
          [
            -107.45721556672231,
            -52.467762500774526
          ],
          [
            -107.51809225410804,
            -52.23018792372321
          ],
          [
            -107.5802812243274,
            -51.99206153763826
          ],
          [
            -107.64367962337116,
            -51.753399875855486
          ],
          [
            -107.70818914971485,
            -51.51422180713536
          ],
          [
            -107.77371697728232,
            -51.274548823710525
          ],
          [
            -107.84017728096502,
            -51.03440705244658
          ],
          [
            -107.9074910863642,
            -50.79382549377079
          ],
          [
            -107.97558661798307,
            -50.55283573804521
          ],
          [
            -108.04439978306009,
            -50.31147227989627
          ],
          [
            -108.1138749426028,
            -50.06977378883078
          ],
          [
            -108.18396413773547,
            -49.8277809023484
          ],
          [
            -108.2546281596299,
            -49.58553771109296
          ],
          [
            -108.32583366417711,
            -49.34309079170062
          ],
          [
            -108.39755744226687,
            -49.10048784642548
          ],
          [
            -108.46978221457265,
            -48.85777956513493
          ],
          [
            -108.5424979624515,
            -48.615018609023515
          ],
          [
            -108.61570185827917,
            -48.3722596121024
          ],
          [
            -108.68939851271094,
            -48.129561312537646
          ],
          [
            -108.76359669353245,
            -47.88698264050353
          ],
          [
            -108.83831215010446,
            -47.64458459613743
          ],
          [
            -108.91356461687587,
            -47.40243135135999
          ],
          [
            -108.98937873593323,
            -47.16058743801067
          ],
          [
            -109.06578491317528,
            -46.91912176986738
          ],
          [
            -109.14281598179481,
            -46.67810423252977
          ],
          [
            -109.22050834751516,
            -46.43760681219688
          ],
          [
            -109.29890214734203,
            -46.197704047801395
          ],
          [
            -109.37804072552737,
            -45.958473054554794
          ],
          [
            -109.45796862044506,
            -45.71999292913843
          ],
          [
            -109.53873373437762,
            -45.48234588195466
          ],
          [
            -109.62038705419904,
            -45.245617345291556
          ],
          [
            -109.70298196017798,
            -45.00989513144802
          ],
          [
            -109.78657206760289,
            -44.77527080146598
          ],
          [
            -109.87121325160015,
            -44.54183924058327
          ],
          [
            -109.95696403080008,
            -44.30969864665298
          ],
          [
            -110.0438850631246,
            -44.07895088103648
          ],
          [
            -110.13204027184273,
            -43.84970112969606
          ],
          [
            -110.2214935115768,
            -43.62205862661252
          ],
          [
            -110.3123117319378,
            -43.396136329521575
          ],
          [
            -110.40456518956877,
            -43.17205220929532
          ],
          [
            -110.49832645232149,
            -42.94992713355772
          ],
          [
            -110.59367107546419,
            -42.729884648125434
          ],
          [
            -110.69067529077387,
            -42.512052941588195
          ],
          [
            -110.78941952485208,
            -42.296564140496535
          ],
          [
            -110.88998744418315,
            -42.08355210837931
          ],
          [
            -110.99246313232267,
            -41.87315412690203
          ],
          [
            -111.09693489941618,
            -41.66550881176965
          ],
          [
            -111.20349190314423,
            -41.46075569747976
          ],
          [
            -111.31222564563359,
            -41.259036555980636
          ],
          [
            -111.42322938264077,
            -41.060493762634444
          ],
          [
            -111.53659742790687,
            -40.86526876185221
          ],
          [
            -111.65242495096246,
            -40.67350180173865
          ],
          [
            -111.77080750518678,
            -40.485331096128874
          ],
          [
            -111.8918405052099,
            -40.30089194188283
          ],
          [
            -112.01561860268423,
            -40.12031582356116
          ],
          [
            -112.1422343449696,
            -39.94372977294854
          ],
          [
            -112.27178000052682,
            -39.77125369183114
          ],
          [
            -112.40434410101228,
            -39.603001220420616
          ],
          [
            -112.54001180558468,
            -39.43908004841938
          ],
          [
            -112.67886487082531,
            -39.27958738640822
          ],
          [
            -112.82097962681281,
            -39.1246109750551
          ],
          [
            -112.9664272525248,
            -38.97422969141256
          ],
          [
            -113.11527289831517,
            -38.828509235305496
          ],
          [
            -113.26757457542953,
            -38.687503875471094
          ],
          [
            -113.42338417337369,
            -38.551256515676755
          ],
          [
            -113.58274554502916,
            -38.419795677685144
          ],
          [
            -113.74569470213845,
            -38.293137226411574
          ],
          [
            -113.91225880986377,
            -38.17128253102068
          ],
          [
            -114.08245616114773,
            -38.054218933144924
          ],
          [
            -114.25629596409156,
            -37.941919697726
          ],
          [
            -114.43377782609437,
            -37.83434315956325
          ],
          [
            -114.61489234900517,
            -37.73143447508195
          ],
          [
            -114.79962107764634,
            -37.63312380509362
          ],
          [
            -114.98793442284565,
            -37.53932758422334
          ],
          [
            -115.17979520069602,
            -37.44995060219809
          ],
          [
            -115.37515758939301,
            -37.364884809996575
          ],
          [
            -115.57396591370915,
            -37.284008534297286
          ],
          [
            -115.77615698012984,
            -37.207190909365124
          ],
          [
            -115.98166020386344,
            -37.13429072075258
          ],
          [
            -116.19039674044684,
            -37.065156800247564
          ],
          [
            -116.4022822834656,
            -36.999630073934505
          ],
          [
            -116.61722437984588,
            -36.93754251337859
          ],
          [
            -116.83512800237568,
            -36.878722788374844
          ],
          [
            -117.05589161265016,
            -36.82299316336461
          ],
          [
            -117.2794087989908,
            -36.77017147305148
          ],
          [
            -117.50557159999299,
            -36.72007315085531
          ],
          [
            -117.73426778780836,
            -36.672510620335615
          ],
          [
            -117.96538110681873,
            -36.62729721544696
          ],
          [
            -118.19879690477724,
            -36.58424626603174
          ],
          [
            -118.43439866678163,
            -36.543171889992486
          ],
          [
            -118.67206935510758,
            -36.503890204281745
          ],
          [
            -118.91169214957522,
            -36.46622023670276
          ],
          [
            -119.15315094661314,
            -36.429984682704
          ],
          [
            -119.39633030615343,
            -36.39501037528313
          ],
          [
            -119.64111661220227,
            -36.361129197395364
          ],
          [
            -119.88739944502103,
            -36.32817902083554
          ],
          [
            -120.13506957833808,
            -36.2960031860843
          ],
          [
            -120.38402028396554,
            -36.26445129217471
          ],
          [
            -120.63414753241422,
            -36.23337947141084
          ],
          [
            -120.88535014310922,
            -36.20265058834903
          ],
          [
            -121.13752988573394,
            -36.17213436748044
          ],
          [
            -121.39059053367859,
            -36.14170704032349
          ],
          [
            -121.64444069508984,
            -36.11125251583189
          ],
          [
            -121.89899154537822,
            -36.08066140310326
          ],
          [
            -122.15415673303191,
            -36.049830904449756
          ],
          [
            -122.40985167492086,
            -36.01866443193308
          ],
          [
            -122.6659964349308,
            -35.98707269080969
          ],
          [
            -122.92251301580734,
            -35.95497243777731
          ],
          [
            -123.17932437788929,
            -35.9222859495818
          ],
          [
            -123.43635736180782,
            -35.888942109630264
          ],
          [
            -123.693540345316,
            -35.85487531983972
          ],
          [
            -123.95080197096453,
            -35.820024867501076
          ],
          [
            -124.20807383019988,
            -35.78433594686702
          ],
          [
            -124.4652885130297,
            -35.74775878083772
          ],
          [
            -124.72237892277089,
            -35.71024828952032
          ],
          [
            -124.97927854882528,
            -35.67176418083431
          ],
          [
            -125.23592011033676,
            -35.63227039309578
          ],
          [
            -125.4922384078257,
            -35.59173630812928
          ],
          [
            -125.74816731615707,
            -35.550135565085164
          ],
          [
            -126.00363982741912,
            -35.5074461641124
          ],
          [
            -126.25858797948094,
            -35.46365054751343
          ],
          [
            -126.51294200165457,
            -35.41873537897539
          ],
          [
            -126.76663188373512,
            -35.3726923457631
          ],
          [
            -127.01958572746057,
            -35.32551709974906
          ],
          [
            -127.27173024572646,
            -35.277211116303874
          ],
          [
            -127.52299002101745,
            -35.227780542769935
          ],
          [
            -127.77328718434214,
            -35.177236038379846
          ],
          [
            -128.02254137126786,
            -35.12559324998916
          ],
          [
            -128.27066953639607,
            -35.07287290295907
          ],
          [
            -128.51758578595377,
            -35.019100882323535
          ],
          [
            -128.76320163374024,
            -34.96430846598162
          ],
          [
            -129.00742567291545,
            -34.90853228657052
          ],
          [
            -129.25016249041772,
            -34.85181394445819
          ],
          [
            -129.49131341666086,
            -34.79420034026465
          ],
          [
            -129.7307764799784,
            -34.735743632227155
          ],
          [
            -129.9684463953259,
            -34.676501157436
          ],
          [
            -130.2042145898016,
            -34.61653531404336
          ],
          [
            -130.43796926746603,
            -34.55591340220581
          ],
          [
            -130.66959551578665,
            -34.49470742222485
          ],
          [
            -130.89897545581542,
            -34.43299382908581
          ],
          [
            -131.12598843790983,
            -34.37085324335324
          ],
          [
            -131.35051128444152,
            -34.308370119142346
          ],
          [
            -131.5724185804931,
            -34.24563237064163
          ],
          [
            -131.7915830130357,
            -34.18273095939514
          ],
          [
            -132.00787475742686,
            -34.11975903059221
          ],
          [
            -132.2211647335136,
            -34.05681259967668
          ],
          [
            -132.43132285095342,
            -33.993989115628864
          ],
          [
            -132.63821757451618,
            -33.93138652876194
          ],
          [
            -132.8417188396845,
            -33.869103710324126
          ],
          [
            -133.04169768260127,
            -33.807239185502844
          ],
          [
            -133.2380267336111,
            -33.745890550179574
          ],
          [
            -133.43058136020557,
            -33.68515503633204
          ],
          [
            -133.6192399975923,
            -33.62512806709488
          ],
          [
            -133.8038848599316,
            -33.5659027028487
          ],
          [
            -133.98440266027,
            -33.50756910267356
          ],
          [
            -134.16068533195156,
            -33.450214007030006
          ],
          [
            -134.33263074390123,
            -33.39392024722607
          ],
          [
            -134.500143520101,
            -33.3387660014978
          ],
          [
            -134.66313578947592,
            -33.28482420258634
          ],
          [
            -134.82152681512562,
            -33.23216461907276
          ],
          [
            -134.9752450678279,
            -33.18084998843456
          ],
          [
            -135.12422840701242,
            -33.13093665622247
          ],
          [
            -135.26842350707724,
            -33.0824769589898
          ],
          [
            -135.40778762857505,
            -33.03551585331741
          ],
          [
            -135.5422885559308,
            -32.99009186443745
          ],
          [
            -135.67190487865182,
            -32.94623708604555
          ],
          [
            -137.75,
            -32.25
          ]
        ]
      }
    },
    {
      "type": "Feature",
      "id": 2,
      "properties": {
        "jet_id": 2,
        "area": 304.0
      },
      "geometry": {
        "type": "LineString",
        "coordinates": [
          [
            64.75,
            -67.25
          ],
          [
            67.11718665429642,
            -66.82717131686961
          ],
          [
            67.26348133485487,
            -66.79705921522259
          ],
          [
            67.4151188790882,
            -66.76549049950498
          ],
          [
            67.57205400722034,
            -66.73244635318771
          ],
          [
            67.73422980294598,
            -66.69791168614016
          ],
          [
            67.90157433075721,
            -66.66187365026286
          ],
          [
            68.07400551954606,
            -66.62432351732426
          ],
          [
            68.2514274893044,
            -66.5852549518421
          ],
          [
            68.43373547342925,
            -66.544665785663
          ],
          [
            68.62081228815482,
            -66.50255623497041
          ],
          [
            68.81253337965236,
            -66.45893061699033
          ],
          [
            69.00876339293788,
            -66.41379550511228
          ],
          [
            69.20936014384058,
            -66.36716090458832
          ],
          [
            69.41417569735778,
            -66.3190401881046
          ],
          [
            69.62305400971718,
            -66.26944857108427
          ],
          [
            69.83583610262842,
            -66.21840467491965
          ],
          [
            70.05235671702455,
            -66.16592853399202
          ],
          [
            70.27244947112452,
            -66.1120431036345
          ],
          [
            70.49594347330378,
            -66.05677221221273
          ],
          [
            70.72266842069959,
            -66.00014201709698
          ],
          [
            70.952451135474,
            -65.94217890827439
          ],
          [
            71.18512057131609,
            -65.88291091993663
          ],
          [
            71.4205042439473,
            -65.82236559433547
          ],
          [
            71.65843312020426,
            -65.76057135876113
          ],
          [
            71.89873768495994,
            -65.69755536042908
          ],
          [
            72.14125051810746,
            -65.63334482058904
          ],
          [
            72.38580807278302,
            -65.56796534306473
          ],
          [
            72.63224985337303,
            -65.50144089664315
          ],
          [
            72.88041835795332,
            -65.43379416821955
          ],
          [
            73.13015998270455,
            -65.36504442097696
          ],
          [
            73.38132478202473,
            -65.29520795073338
          ],
          [
            73.63376612621909,
            -65.22429863541149
          ],
          [
            73.88734110676809,
            -65.15232653773607
          ],
          [
            74.14191051738433,
            -65.07929740396533
          ],
          [
            74.3973380997444,
            -65.00521382499817
          ],
          [
            74.65349151036399,
            -64.93007214577969
          ],
          [
            74.91024097433815,
            -64.85386487979838
          ],
          [
            75.16745918133431,
            -64.77658006293527
          ],
          [
            75.42502191414336,
            -64.69819879514822
          ],
          [
            75.68280633384596,
            -64.61869841392527
          ],
          [
            75.94069126650612,
            -64.53805082761924
          ],
          [
            76.19855754727337,
            -64.45622071930016
          ],
          [
            76.45628599085163,
            -64.37316950652546
          ],
          [
            76.71375819214904,
            -64.2888525092758
          ],
          [
            76.97085637241587,
            -64.20321847731377
          ],
          [
            77.22746152397143,
            -64.11621329300814
          ],
          [
            77.48345480716853,
            -64.02777590187405
          ],
          [
            77.73871535587662,
            -63.937843002871084
          ],
          [
            77.99312139311594,
            -63.84634584464884
          ],
          [
            78.24654964704129,
            -63.75321122898264
          ],
          [
            78.49887402036785,
            -63.65836442523216
          ],
          [
            78.74996674056767,
            -63.56172620746124
          ],
          [
            78.99969661892254,
            -63.463216984599484
          ],
          [
            79.24793031601796,
            -63.3627537854428
          ],
          [
            79.49453059663949,
            -63.26025462321284
          ],
          [
            79.73935773394655,
            -63.1556353653185
          ],
          [
            79.98226817943291,
            -63.048813307926395
          ],
          [
            80.22311433145228,
            -62.939708196667915
          ],
          [
            80.46174580808267,
            -62.82823970734984
          ],
          [
            80.69800811099883,
            -62.71433130981474
          ],
          [
            80.9317429951138,
            -62.597910090263106
          ],
          [
            81.16278846626642,
            -62.478907539733164
          ],
          [
            81.39097880715873,
            -62.357260333946044
          ],
          [
            81.61614479924985,
            -62.23291102724268
          ],
          [
            81.83811435134585,
            -62.105808565466134
          ],
          [
            82.05671022469944,
            -61.97590998110365
          ],
          [
            82.27175267484355,
            -61.84318002377848
          ],
          [
            82.48305878606986,
            -61.707592125188526
          ],
          [
            82.69044266351453,
            -61.56912896620278
          ],
          [
            82.89371645339868,
            -61.427782651622856
          ],
          [
            83.09268875182158,
            -61.28355591114259
          ],
          [
            83.28716668194781,
            -61.136461719683396
          ],
          [
            83.47695478568622,
            -60.9865241710945
          ],
          [
            83.66185596282024,
            -60.83377843336196
          ],
          [
            83.84167226318098,
            -60.678270690730045
          ],
          [
            84.01620497052079,
            -60.52005830248554
          ],
          [
            84.18525505263769,
            -60.35920973135738
          ],
          [
            84.34862483187553,
            -60.19580388661566
          ],
          [
            84.50611522218149,
            -60.0299312234678
          ],
          [
            84.65752937543274,
            -59.861692108092676
          ],
          [
            84.80267231957993,
            -59.69119676471538
          ],
          [
            84.9413499638691,
            -59.518564729673365
          ],
          [
            85.07337398855712,
            -59.343923957397756
          ],
          [
            85.1985593907983,
            -59.16741058909541
          ],
          [
            85.31672532685566,
            -58.989168120612135
          ],
          [
            85.42769724856245,
            -58.80934709786654
          ],
          [
            85.53130617569425,
            -58.62810171519224
          ],
          [
            85.62739036000549,
            -58.4455907793576
          ],
          [
            85.7157957533955,
            -58.26197805450224
          ],
          [
            85.79637804681238,
            -58.07742738048131
          ],
          [
            85.8690022842183,
            -57.892104627633906
          ],
          [
            85.93354446096374,
            -57.706176325207
          ],
          [
            85.98989138166796,
            -57.519807482246755
          ],
          [
            86.03794239624212,
            -57.333159407092815
          ],
          [
            86.07761048404122,
            -57.14639038916956
          ],
          [
            86.10882255358494,
            -56.959654546335734
          ],
          [
            86.13152056501518,
            -56.7731012492286
          ],
          [
            86.1456607491992,
            -56.58687137255381
          ],
          [
            86.15121657560853,
            -56.40109778844458
          ],
          [
            86.14817760492362,
            -56.21590616459234
          ],
          [
            86.13655153534081,
            -56.03141156479065
          ],
          [
            86.11636291053891,
            -55.84771857089341
          ],
          [
            86.0876536574477,
            -55.66492190446897
          ],
          [
            86.0504845874445,
            -55.4831024335662
          ],
          [
            86.00493392022993,
            -55.30232910665055
          ],
          [
            85.95109781647254,
            -55.12266011502574
          ],
          [
            85.88909094912522,
            -54.94414126475423
          ],
          [
            85.81904535172929,
            -54.766801800713175
          ],
          [
            85.74110999287667,
            -54.590659541544
          ],
          [
            85.65545028498487,
            -54.41572091032334
          ],
          [
            85.56224845017523,
            -54.2419784120936
          ],
          [
            85.46170087968822,
            -54.0694106462561
          ],
          [
            85.35401864784062,
            -53.89798688766406
          ],
          [
            85.23942552081976,
            -53.727661806497004
          ],
          [
            85.11815794266121,
            -53.558381349467524
          ],
          [
            84.99046347959866,
            -53.39008081590466
          ],
          [
            84.85659855693793,
            -53.22268488951249
          ],
          [
            84.71682879472098,
            -53.056111097305866
          ],
          [
            84.57142639393733,
            -52.890269149714506
          ],
          [
            84.42066876356782,
            -52.72506093883394
          ],
          [
            84.26483794564741,
            -52.56038479401521
          ],
          [
            84.10421815377815,
            -52.39613334782318
          ],
          [
            83.93909443208705,
            -52.23219576195928
          ],
          [
            83.76975175153694,
            -52.068459673861156
          ],
          [
            83.59647363467114,
            -51.9048129838276
          ],
          [
            83.41953939443631,
            -51.741141462994094
          ],
          [
            83.23922410011642,
            -51.5773332523438
          ],
          [
            83.05579729480493,
            -51.41328002264562
          ],
          [
            82.86952038414816,
            -51.24887457019023
          ],
          [
            82.68064690403736,
            -51.08401555609452
          ],
          [
            82.48942103635152,
            -50.918607007647985
          ],
          [
            82.29607646615295,
            -50.752560919986216
          ],
          [
            82.10083552119318,
            -50.58579482180167
          ],
          [
            81.90390877436857,
            -50.41823232242696
          ],
          [
            81.70549370138622,
            -50.2498081473788
          ],
          [
            81.50577511718222,
            -50.08046691943969
          ],
          [
            81.30492349411995,
            -49.910160369140094
          ],
          [
            81.10309566210366,
            -49.73885080768242
          ],
          [
            80.90043491097276,
            -49.566510589559236
          ],
          [
            80.69707036431949,
            -49.39312323661712
          ],
          [
            80.49311573878927,
            -49.21868168447056
          ],
          [
            80.28867160785119,
            -49.0431897706309
          ],
          [
            80.08382505573653,
            -48.86666220997001
          ],
          [
            79.87864954533572,
            -48.68912276369198
          ],
          [
            79.6732056275714,
            -48.51060318333806
          ],
          [
            79.46754109489004,
            -48.33114858367001
          ],
          [
            79.26169194663733,
            -48.15081009284218
          ],
          [
            79.05568298537139,
            -47.96964667859504
          ],
          [
            78.84952854140248,
            -47.78772813297823
          ],
          [
            78.6432329094393,
            -47.605128180932155
          ],
          [
            78.43679111835606,
            -47.4219303559529
          ],
          [
            78.23019003059241,
            -47.23822103685268
          ],
          [
            78.02340912368406,
            -47.05409227739726
          ],
          [
            77.81642162049373,
            -46.86964278114293
          ],
          [
            77.60919481738813,
            -46.684972427366176
          ],
          [
            77.40169047453202,
            -46.500183891055066
          ],
          [
            77.19386678766806,
            -46.31538341898687
          ],
          [
            76.98567841573761,
            -46.130678252721395
          ],
          [
            76.7770768883003,
            -45.94617711562137
          ],
          [
            76.56801257663048,
            -45.76198707456684
          ],
          [
            76.358434450494,
            -45.57821515333968
          ],
          [
            76.14829092061578,
            -45.39496726165844
          ],
          [
            75.9375302926974,
            -45.21234799385724
          ],
          [
            75.72610247252867,
            -45.030459730868984
          ],
          [
            75.51395859433563,
            -44.8494006946537
          ],
          [
            75.3010496988232,
            -44.669265892244724
          ],
          [
            75.08733030556627,
            -44.49014795789101
          ],
          [
            74.87275571162992,
            -44.31213459217554
          ],
          [
            74.65728581389307,
            -44.135310672634986
          ],
          [
            74.44088219265137,
            -43.95975397852546
          ],
          [
            74.22351207580684,
            -43.78553892799049
          ],
          [
            74.00514227579752,
            -43.612734802568276
          ],
          [
            73.78574601779803,
            -43.441406378692655
          ],
          [
            73.5652988854711,
            -43.27161280924171
          ],
          [
            73.34378017518101,
            -43.103407230408706
          ],
          [
            73.12117308568122,
            -42.93683919454794
          ],
          [
            72.89746397309862,
            -42.77195144896034
          ],
          [
            72.67264318146924,
            -42.60878312576775
          ],
          [
            72.44670299284194,
            -42.447367074659276
          ],
          [
            72.2196409596231,
            -42.28773267244254
          ],
          [
            71.99145615926287,
            -42.12990241662619
          ],
          [
            71.76215297353068,
            -41.97389464693112
          ],
          [
            71.53173632587621,
            -41.81972277670823
          ],
          [
            71.30021625057294,
            -41.6673960843449
          ],
          [
            71.06760355892459,
            -41.516917895697986
          ],
          [
            70.83391357200436,
            -41.36828885707984
          ],
          [
            70.59916460195792,
            -41.221502435167324
          ],
          [
            70.36337561646086,
            -41.076549009166044
          ],
          [
            70.12656811766874,
            -40.93341402706738
          ],
          [
            69.8887659996177,
            -40.79207813055539
          ],
          [
            69.64999504478168,
            -40.652518169277855
          ],
          [
            69.41028304843785,
            -40.514706718858946
          ],
          [
            69.16966029370579,
            -40.37861077250647
          ],
          [
            68.92815910852472,
            -40.24419266959137
          ],
          [
            68.68581346504529,
            -40.11141094239418
          ],
          [
            68.4426598078532,
            -39.98021846135649
          ],
          [
            68.19873700146275,
            -39.85056463540596
          ],
          [
            67.95408467547992,
            -39.72239375100751
          ],
          [
            67.70874454146126,
            -39.59564501630084
          ],
          [
            67.46276101072168,
            -39.47025398816961
          ],
          [
            67.21617942931707,
            -39.346150566526596
          ],
          [
            66.96904755092054,
            -39.22325997894637
          ],
          [
            66.72141446915975,
            -39.10150443747485
          ],
          [
            66.47333189067922,
            -38.9807995106648
          ],
          [
            66.22485315190582,
            -38.86105727071548
          ],
          [
            65.97603214546555,
            -38.74218702776809
          ],
          [
            65.72692589769429,
            -38.62409167508491
          ],
          [
            65.47759216373234,
            -38.50667246754407
          ],
          [
            65.22809255538849,
            -38.38982634683409
          ],
          [
            64.97848835428904,
            -38.273447463383405
          ],
          [
            64.72884195545244,
            -38.157427707012936
          ],
          [
            64.47921764201742,
            -38.04165489072918
          ],
          [
            64.22967998091622,
            -37.926016673770214
          ],
          [
            63.980295112316924,
            -37.81039749364504
          ],
          [
            63.73112904996541,
            -37.69468270947382
          ],
          [
            63.48224899976135,
            -37.57875545380773
          ],
          [
            63.23372155506233,
            -37.46250102038093
          ],
          [
            62.985613717956035,
            -37.345804425991105
          ],
          [
            62.73799259386405,
            -37.228551173184584
          ],
          [
            62.49092386658369,
            -37.110630956876044
          ],
          [
            62.24447291021766,
            -36.99193500669154
          ],
          [
            61.99870405073022,
            -36.87235790067295
          ],
          [
            61.75368032326246,
            -36.751798189030865
          ],
          [
            61.50946323919021,
            -36.63015900432306
          ],
          [
            61.26611242947965,
            -36.50734870850201
          ],
          [
            61.02368505134298,
            -36.383281618999234
          ],
          [
            60.782237783543366,
            -36.25787763918505
          ],
          [
            60.541824018166636,
            -36.13106385112961
          ],
          [
            60.30249474968487,
            -36.00277454590839
          ],
          [
            60.064298481681966,
            -35.87295162669095
          ],
          [
            59.82728051487132,
            -35.741545231389445
          ],
          [
            59.59148469636304,
            -35.60851329706342
          ],
          [
            59.35695157491823,
            -35.47382257279575
          ],
          [
            59.12371989479396,
            -35.337448208603064
          ],
          [
            58.891825963253694,
            -35.19937418376608
          ],
          [
            58.66130345038593,
            -35.05959351507853
          ],
          [
            58.4321839762351,
            -34.91810809884607
          ],
          [
            58.20449733443288,
            -34.77492866471208
          ],
          [
            57.9782707864797,
            -34.63007507755081
          ],
          [
            57.753532438858116,
            -34.48357491357297
          ],
          [
            57.53030828179478,
            -34.33546462982435
          ],
          [
            57.308623727638796,
            -34.18578884067731
          ],
          [
            57.088503989402305,
            -34.034600048530784
          ],
          [
            56.8699739660123,
            -33.881958555689344
          ],
          [
            56.65305982240055,
            -33.72793165411154
          ],
          [
            56.43778911814526,
            -33.5725933991928
          ],
          [
            56.22419029473678,
            -33.41602463477
          ],
          [
            56.01229363944409,
            -33.25831239450056
          ],
          [
            55.80213167746101,
            -33.0995495301497
          ],
          [
            55.59373994403652,
            -32.939833372887676
          ],
          [
            55.387156052609555,
            -32.7792684465113
          ],
          [
            55.18242136760955,
            -32.61796281821932
          ],
          [
            54.9795807848136,
            -32.456028931700374
          ],
          [
            54.778683201690505,
            -32.29358267609884
          ],
          [
            54.57978106248165,
            -32.13074457906285
          ],
          [
            54.38293081927634,
            -31.967638668095393
          ],
          [
            54.18819321604706,
            -31.80439162941574
          ],
          [
            53.99563316136399,
            -31.641132821517925
          ],
          [
            53.80531978358181,
            -31.4779937028606
          ],
          [
            53.617325514483525,
            -31.315109454289267
          ],
          [
            53.43172709809921,
            -31.152615799212054
          ],
          [
            53.2486040287598,
            -30.990651873907098
          ],
          [
            53.06803930940162,
            -30.82935734024811
          ],
          [
            52.89011904268361,
            -30.66887216263125
          ],
          [
            52.714930705088044,
            -30.50933941536155
          ],
          [
            52.54256400596537,
            -30.350901707079338
          ],
          [
            52.37311019850513,
            -30.19370120915485
          ],
          [
            52.20666081115854,
            -30.037880960914602
          ],
          [
            52.043306788278805,
            -29.883585077759477
          ],
          [
            51.883138926361326,
            -29.73095573735898
          ],
          [
            51.726246985141046,
            -29.580133287836123
          ],
          [
            51.5727179782359,
            -29.431258277994655
          ],
          [
            51.422636431577786,
            -29.28446869802663
          ],
          [
            51.276083731407105,
            -29.139899400315855
          ],
          [
            51.13313674039661,
            -28.997683291050464
          ],
          [
            50.99386771499448,
            -28.857949406689418
          ],
          [
            50.85834330122305,
            -28.7208232640979
          ],
          [
            50.72662427278537,
            -28.586425489961663
          ],
          [
            50.59876466517692,
            -28.454872001830655
          ],
          [
            50.47481154362979,
            -28.326272773764856
          ],
          [
            50.354804300970216,
            -28.200731871972465
          ],
          [
            50.23877447817862,
            -28.07834638257076
          ],
          [
            50.126745245826534,
            -27.95920632938883
          ],
          [
            50.01873129390217,
            -27.843393792538578
          ],
          [
            49.91473851010807,
            -27.7309827376032
          ],
          [
            49.81476394873851,
            -27.622038354145328
          ],
          [
            49.71879571205861,
            -27.51661682468784
          ],
          [
            48.25,
            -25.75
          ]
        ]
      }
    },
    {
      "type": "Feature",
      "id": 3,
      "properties": {
        "jet_id": 3,
        "area": 293.0
      },
      "geometry": {
        "type": "LineString",
        "coordinates": [
          [
            154.75,
            -61.5
          ],
          [
            155.56437677270628,
            -62.67972385738092
          ],
          [
            155.64036860213056,
            -62.74059059692346
          ],
          [
            155.72125593448266,
            -62.80252041360858
          ],
          [
            155.80716397483528,
            -62.86539450239609
          ],
          [
            155.89820630182115,
            -62.92908709855241
          ],
          [
            155.9944845943756,
            -62.99346751491117
          ],
          [
            156.09608795774835,
            -63.058401054517354
          ],
          [
            156.20309216570652,
            -63.12374953418333
          ],
          [
            156.31555911124562,
            -63.18937209735922
          ],
          [
            156.43353552131924,
            -63.255125690954564
          ],
          [
            156.55705461105518,
            -63.32086671656204
          ],
          [
            156.68613462543246,
            -63.38645133789583
          ],
          [
            156.82077827899994,
            -63.451736095131594
          ],
          [
            156.96097276285136,
            -63.516578679556275
          ],
          [
            157.10669185328499,
            -63.58083949565468
          ],
          [
            157.25789387629018,
            -63.64438141631042
          ],
          [
            157.41452320082342,
            -63.70707169106108
          ],
          [
            157.57651011595513,
            -63.76878119240369
          ],
          [
            157.74377141431304,
            -63.82938507536892
          ],
          [
            157.91621112809437,
            -63.88876352730121
          ],
          [
            158.0937212221521,
            -63.94680215298763
          ],
          [
            158.27618235657462,
            -64.00339228668867
          ],
          [
            158.4634644898874,
            -64.05843175889497
          ],
          [
            158.65542788570076,
            -64.11182473439774
          ],
          [
            158.85192477020934,
            -64.16348000026221
          ],
          [
            159.05279921524442,
            -64.21331353563436
          ],
          [
            159.25788848141565,
            -64.2612475324846
          ],
          [
            159.4670239810518,
            -64.3072102896375
          ],
          [
            159.68003223860057,
            -64.3511360496389
          ],
          [
            159.89673583915516,
            -64.39296478432787
          ],
          [
            160.11695435644666,
            -64.43264193558882
          ],
          [
            160.3405047634433,
            -64.47011693776089
          ],
          [
            160.5672034518887,
            -64.50534567939324
          ],
          [
            160.7968663483268,
            -64.53828844679386
          ],
          [
            161.029309557955,
            -64.56890923914224
          ],
          [
            161.2643502557899,
            -64.5971757954933
          ],
          [
            161.5018073571022,
            -64.6230592186811
          ],
          [
            161.74150213185203,
            -64.6465336061178
          ],
          [
            161.98325876202642,
            -64.66757569443817
          ],
          [
            162.22690484171673,
            -64.68616452451784
          ],
          [
            162.47227155174528,
            -64.70228048369728
          ],
          [
            162.71919437168776,
            -64.71590581009228
          ],
          [
            162.96751389407322,
            -64.72702550769466
          ],
          [
            163.21707522510548,
            -64.73562501035573
          ],
          [
            163.46772856983014,
            -64.74169086180636
          ],
          [
            163.71932942772224,
            -64.7452106051085
          ],
          [
            163.97173874959157,
            -64.74617272055904
          ],
          [
            164.22482306015624,
            -64.74456661313354
          ],
          [
            164.47845455075145,
            -64.74038264977888
          ],
          [
            164.73251060781087,
            -64.73361094522284
          ],
          [
            164.98687520309556,
            -64.72424474129377
          ],
          [
            165.24143794813992,
            -64.71227823386937
          ],
          [
            165.49609414948938,
            -64.69770689041579
          ],
          [
            165.7507449414206,
            -64.68052801692305
          ],
          [
            166.00529728659993,
            -64.6607410565253
          ],
          [
            166.25966397351706,
            -64.63834791949384
          ],
          [
            166.51376339933555,
            -64.61335282361067
          ],
          [
            166.76751968210235,
            -64.58576294813953
          ],
          [
            167.0208634362456,
            -64.55559069844732
          ],
          [
            167.2737307011354,
            -64.52285151288012
          ],
          [
            167.5260633378775,
            -64.48756520823797
          ],
          [
            167.777809036927,
            -64.44975637351637
          ],
          [
            168.02892132763895,
            -64.40945475107195
          ],
          [
            168.27935958850136,
            -64.36669559815995
          ],
          [
            168.5290886253188,
            -64.32151898114988
          ],
          [
            168.77807961399708,
            -64.27397233794484
          ],
          [
            169.02630970671103,
            -64.22410978626483
          ],
          [
            169.27376169476673,
            -64.17199154142943
          ],
          [
            169.52042420440966,
            -64.11768459411802
          ],
          [
            169.76629166419065,
            -64.06126281140546
          ],
          [
            170.01136371663017,
            -64.00280567311235
          ],
          [
            170.25564650773316,
            -63.94240152125751
          ],
          [
            170.49915160159804,
            -63.88014505869629
          ],
          [
            170.74189542302287,
            -63.81613610868319
          ],
          [
            170.98390042984565,
            -63.7504825403833
          ],
          [
            171.22519378975892,
            -63.683297163606575
          ],
          [
            171.46580790196555,
            -63.61469907535359
          ],
          [
            171.70577979790954,
            -63.54481230217811
          ],
          [
            171.94515074434418,
            -63.47376493689219
          ],
          [
            172.18396637082387,
            -63.401689550894496
          ],
          [
            172.4222761486109,
            -63.32872205365225
          ],
          [
            172.66013410746666,
            -63.254999899963266
          ],
          [
            172.89759552684336,
            -63.18066341582549
          ],
          [
            173.1347176758546,
            -63.105853619220326
          ],
          [
            173.3715612080797,
            -63.03071213946687
          ],
          [
            173.6081900100335,
            -62.9553804786908
          ],
          [
            173.8446676490914,
            -62.87999785530504
          ],
          [
            174.08105688522895,
            -62.80470039036621
          ],
          [
            174.31742258434474,
            -62.72962228252726
          ],
          [
            174.55382983093682,
            -62.654892678736196
          ],
          [
            174.79034218237862,
            -62.58063529642072
          ],
          [
            175.02702247877264,
            -62.506968459288714
          ],
          [
            175.26393175336585,
            -62.43400387186727
          ],
          [
            175.50113025775704,
            -62.361845081256455
          ],
          [
            175.73867376831848,
            -62.29058860091531
          ],
          [
            175.97661530032886,
            -62.22032018341902
          ],
          [
            176.21500399921763,
            -62.15111854243404
          ],
          [
            176.4538865171381,
            -62.08305192153532
          ],
          [
            176.69330440442178,
            -62.016176922783025
          ],
          [
            176.93329335454268,
            -61.95054156143835
          ],
          [
            177.17388495806352,
            -61.886182500344745
          ],
          [
            177.41510564418468,
            -61.82312527250879
          ],
          [
            177.65697759185633,
            -61.761384713582984
          ],
          [
            177.899515967957,
            -61.700963415095515
          ],
          [
            178.1427292970546,
            -61.641855062471784
          ],
          [
            178.38662099147146,
            -61.58404160844778
          ],
          [
            178.6311884177652,
            -61.527494304778074
          ],
          [
            178.87642291198605,
            -61.47217410917183
          ],
          [
            179.12231088333257,
            -61.41803195267614
          ],
          [
            179.36883161871094,
            -61.36500869365386
          ],
          [
            179.6159569408676,
            -61.313037128940074
          ],
          [
            179.86365385563738,
            -61.26204037918092
          ]
        ]
      }
    },
    {
      "type": "Feature",
      "id": 4,
      "properties": {
        "jet_id": 4,
        "area": 122.0
      },
      "geometry": {
        "type": "LineString",
        "coordinates": [
          [
            -38.0,
            -63.25
          ],
          [
            -35.79418071335094,
            -63.53451641686825
          ],
          [
            -35.656219821281475,
            -63.54730637067257
          ],
          [
            -35.513151221796164,
            -63.55999582574364
          ],
          [
            -35.36502566864086,
            -63.572511001124184
          ],
          [
            -35.211909540088556,
            -63.58477346175613
          ],
          [
            -35.053884096666046,
            -63.596698569864536
          ],
          [
            -34.891045757388376,
            -63.60819661926971
          ],
          [
            -34.723506075696065,
            -63.61917345993636
          ],
          [
            -34.551390813630306,
            -63.6295291497817
          ],
          [
            -34.37483982839665,
            -63.639158759295526
          ],
          [
            -34.19400661983503,
            -63.647952534694625
          ],
          [
            -34.00905782448506,
            -63.65579609368254
          ],
          [
            -33.82017266345975,
            -63.66257065460769
          ],
          [
            -33.627542351573,
            -63.66815329971306
          ],
          [
            -33.43136947526111,
            -63.67241727305778
          ],
          [
            -33.23186734679637,
            -63.67523231356009
          ],
          [
            -33.029259342118195,
            -63.67646502346427
          ],
          [
            -32.82377822930866,
            -63.6759792723652
          ],
          [
            -32.61566549432736,
            -63.67363663673582
          ],
          [
            -32.405170670104134,
            -63.66929687469073
          ],
          [
            -32.19255024000852,
            -63.66281738657172
          ],
          [
            -31.978067938854444,
            -63.654056050471766
          ],
          [
            -31.76199370913889,
            -63.64287080132282
          ],
          [
            -31.544602772837518,
            -63.62911946979012
          ],
          [
            -31.32617525579024,
            -63.61266092839723
          ],
          [
            -31.106995625785373,
            -63.593355755000495
          ],
          [
            -30.88735030708855,
            -63.57106692152899
          ],
          [
            -30.667530462768365,
            -63.54566050524178
          ],
          [
            -30.44782998468505,
            -63.51700641938133
          ],
          [
            -30.228545017642517,
            -63.484979159727416
          ],
          [
            -30.009973503088606,
            -63.4494585631831
          ],
          [
            -29.792414739505833,
            -63.410330574161726
          ],
          [
            -29.5761689561384,
            -63.367488014193384
          ],
          [
            -29.361536896292588,
            -63.3208313498404
          ],
          [
            -29.148819406134283,
            -63.27026945370791
          ],
          [
            -28.938317024690544,
            -63.21572035306504
          ],
          [
            -28.730329570645345,
            -63.157111960358506
          ],
          [
            -28.525155721499978,
            -63.09438277971305
          ],
          [
            -28.323092580748146,
            -63.02748258337244
          ],
          [
            -28.124435228886384,
            -62.95637305195068
          ],
          [
            -27.929476254343182,
            -62.88102837233684
          ],
          [
            -27.738505260754003,
            -62.80143578713323
          ],
          [
            -27.551808347432615,
            -62.71759608960959
          ],
          [
            -27.36966756038012,
            -62.62952405832712
          ],
          [
            -27.19236031172719,
            -62.537248825826644
          ],
          [
            -27.02015876611192,
            -62.4408141760866
          ],
          [
            -26.853329193146173,
            -62.34027876583947
          ],
          [
            -26.69213128581028,
            -62.23571626528487
          ],
          [
            -26.53681744532775,
            -62.12721541425809
          ],
          [
            -26.387632033800635,
            -62.01487999049343
          ],
          [
            -26.244810596622482,
            -61.89882868726589
          ],
          [
            -26.10857905742045,
            -61.77919489839222
          ],
          [
            -25.9791528890025,
            -61.65612640931989
          ],
          [
            -25.85673626449002,
            -61.52978499382221
          ],
          [
            -25.741521193494073,
            -61.40034591664393
          ],
          [
            -25.63368664883444,
            -61.267997343293146
          ],
          [
            -25.533397689899274,
            -61.132939659045235
          ],
          [
            -25.440804589289815,
            -60.99538470010474
          ],
          [
            -25.35604196988417,
            -60.855554900745936
          ],
          [
            -25.279227959878774,
            -60.713682361120206
          ],
          [
            -25.210463373719705,
            -60.570007841259184
          ],
          [
            -25.14983092711378,
            -60.424779687612954
          ],
          [
            -25.097394494504425,
            -60.27825269922629
          ],
          [
            -25.053198417506326,
            -60.13068694136729
          ],
          [
            -25.017266872811376,
            -59.982346515065515
          ],
          [
            -24.989603308002106,
            -59.83349829158791
          ],
          [
            -24.970189953535932,
            -59.684410621364215
          ],
          [
            -24.958987418891628,
            -59.53535202726643
          ],
          [
            -24.9559343804972,
            -59.38658989243737
          ],
          [
            -24.960947368585142,
            -59.23838915304842
          ],
          [
            -24.973920659549123,
            -59.09101100643869
          ],
          [
            -24.994726279705144,
            -58.944711645043945
          ],
          [
            -25.023214125594464,
            -58.799741026363776
          ],
          [
            -25.059212205109503,
            -58.656341688934255
          ],
          [
            -25.102527002781475,
            -58.51474762387831
          ],
          [
            -25.152943971548034,
            -58.37518321109453
          ],
          [
            -25.21022815222783,
            -58.2378622285257
          ],
          [
            -25.274124920776462,
            -58.10298694222638
          ],
          [
            -25.344360862195497,
            -57.97074728413208
          ],
          [
            -25.42064476872535,
            -57.84132012353273
          ],
          [
            -25.502668758687008,
            -57.71486863727951
          ],
          [
            -25.59011058044548,
            -57.59154071333811
          ],
          [
            -25.682632939913645,
            -57.471471636032135
          ],
          [
            -25.779885674196525,
            -57.35478108603152
          ],
          [
            -25.881507403868234,
            -57.241573225715406
          ],
          [
            -25.98712730034437,
            -57.13193696510377
          ],
          [
            -26.096366775914124,
            -57.025945968920766
          ],
          [
            -26.20884110571047,
            -56.92365845360509
          ],
          [
            -26.324161205756486,
            -56.82511734287131
          ],
          [
            -26.44193641781993,
            -56.73035286399699
          ],
          [
            -26.561775040386493,
            -56.6393797417475
          ],
          [
            -26.683286725899023,
            -56.55219896608456
          ],
          [
            -26.806084335372606,
            -56.46879834733763
          ],
          [
            -26.929785769267905,
            -56.38915314051002
          ],
          [
            -27.05401575951012,
            -56.313226730619526
          ],
          [
            -27.17840760776784,
            -56.24097137061171
          ],
          [
            -27.302604511058284,
            -56.17232813154277
          ],
          [
            -27.42626202439951,
            -56.10722983107914
          ],
          [
            -27.549049089579547,
            -56.04560075636815
          ],
          [
            -27.67064908579037,
            -55.98735671644262
          ],
          [
            -27.7907613677459,
            -55.932406566510586
          ],
          [
            -27.909102403834893,
            -55.88065307720957
          ],
          [
            -28.025406777546635,
            -55.831993797013595
          ],
          [
            -28.139428045167826,
            -55.786321900487515
          ],
          [
            -28.250939328306718,
            -55.74352673557225
          ],
          [
            -30.25,
            -55.25
          ]
        ]
      }
    },
    {
      "type": "Feature",
      "id": 5,
      "properties": {
        "jet_id": 5,
        "area": 366.0
      },
      "geometry": {
        "type": "LineString",
        "coordinates": [
          [
            27.0,
            -42.0
          ],
          [
            24.87915951890172,
            -41.14448267116876
          ],
          [
            24.74846667728086,
            -41.086823967777526
          ],
          [
            24.61301068766971,
            -41.026686077246744
          ],
          [
            24.47283060101948,
            -40.96406181506439
          ],
          [
            24.32797730761231,
            -40.898949340309954
          ],
          [
            24.178512983729572,
            -40.831352594248166
          ],
          [
            24.024510646872685,
            -40.761281239651474
          ],
          [
            23.866053634844754,
            -40.68875056064806
          ],
          [
            23.703235014672682,
            -40.613781325165036
          ],
          [
            23.536156928086964,
            -40.5363996125708
          ],
          [
            23.36492988090023,
            -40.45663660961155
          ],
          [
            23.189671984129415,
            -40.3745283781732
          ],
          [
            23.01050815508218,
            -40.29011559877627
          ],
          [
            22.827569545723442,
            -40.20344266910613
          ],
          [
            22.640992403707106,
            -40.114558101121375
          ],
          [
            22.45091667186308,
            -40.0235155038036
          ],
          [
            22.257486033839943,
            -39.930371053852404
          ],
          [
            22.06084668837762,
            -39.83518403946447
          ],
          [
            21.861146488760333,
            -39.738016549720804
          ],
          [
            21.658534156253218,
            -39.6389330348463
          ],
          [
            21.453158876652843,
            -39.537999011758075
          ],
          [
            21.245168134743576,
            -39.435284112849985
          ],
          [
            21.034708226040944,
            -39.33085877739051
          ],
          [
            20.82192324890254,
            -39.22479473266699
          ],
          [
            20.606954387962432,
            -39.11716490548342
          ],
          [
            20.38993929970871,
            -39.008043231078275
          ],
          [
            20.17101154994322,
            -38.897504488824374
          ],
          [
            19.950300122573545,
            -38.785624123468
          ],
          [
            19.727929489605582,
            -38.6724768727226
          ],
          [
            19.504017773361284,
            -38.55814016314707
          ],
          [
            19.278677651342417,
            -38.44269104645249
          ],
          [
            19.05201627974466,
            -38.32620566411262
          ],
          [
            18.82413362589209,
            -38.208762707921586
          ],
          [
            18.595124076127572,
            -38.0904391217242
          ],
          [
            18.365075038381747,
            -37.971313200193094
          ],
          [
            18.13406692168214,
            -37.85146449653528
          ],
          [
            17.90217351216667,
            -37.73097289677743
          ],
          [
            17.669462614407376,
            -37.609917167308126
          ],
          [
            17.43599468224104,
            -37.488378459382474
          ],
          [
            17.201824226431754,
            -37.36643720207201
          ],
          [
            16.966998900923546,
            -37.24417568087434
          ],
          [
            16.731560581219462,
            -37.12167587718571
          ],
          [
            16.49554479889762,
            -36.99902133587886
          ],
          [
            16.258981199408236,
            -36.876296611439315
          ],
          [
            16.021894588813982,
            -36.75358533119407
          ],
          [
            15.784303887471589,
            -36.630973341047614
          ],
          [
            15.546223498403451,
            -36.508546042167005
          ],
          [
            15.307662832940053,
            -36.38639018872805
          ],
          [
            15.06862728188451,
            -36.26459220070106
          ],
          [
            14.829118052515298,
            -36.1432392128591
          ],
          [
            14.589132878103351,
            -36.02241800950523
          ],
          [
            14.348666394177037,
            -35.90221475070337
          ],
          [
            14.10771005715256,
            -35.782715785857164
          ],
          [
            13.866252635107474,
            -35.66400706481747
          ],
          [
            13.624281319088418,
            -35.54617202666938
          ],
          [
            13.381781214056941,
            -35.42929337382911
          ],
          [
            13.138736015038303,
            -35.313451956450436
          ],
          [
            12.895127968481765,
            -35.198727352913565
          ],
          [
            12.650939276708261,
            -35.08519493610932
          ],
          [
            12.406151632132037,
            -34.97292742429822
          ],
          [
            12.160746674897975,
            -34.86199417221942
          ],
          [
            11.914706398278863,
            -34.75246055835085
          ],
          [
            11.668013473216988,
            -34.64438753814914
          ],
          [
            11.420651559572292,
            -34.5378312011389
          ],
          [
            11.17260560253487,
            -34.432842336742105
          ],
          [
            10.923862112717462,
            -34.32946601374417
          ],
          [
            10.674409218085907,
            -34.22774168624749
          ],
          [
            10.424237212684096,
            -34.127702077403164
          ],
          [
            10.173338837771668,
            -34.02937268783071
          ],
          [
            9.921709083178474,
            -33.93277244255562
          ],
          [
            9.669345904546292,
            -33.8379121085497
          ],
          [
            9.416249694008698,
            -33.74479570499043
          ],
          [
            9.162424233543469,
            -33.65341831874083
          ],
          [
            8.907875831897897,
            -33.5637682911786
          ],
          [
            8.652614511590864,
            -33.475824443137725
          ],
          [
            8.396652675967651,
            -33.38955937223032
          ],
          [
            8.14000655956701,
            -33.30493602052205
          ],
          [
            7.8826956781691075,
            -33.22190906235943
          ],
          [
            7.624742214831661,
            -33.140426438698036
          ],
          [
            7.366172058107923,
            -33.06042689559807
          ],
          [
            7.107013359436682,
            -32.98184350569942
          ],
          [
            6.847299448029239,
            -32.90460051791852
          ],
          [
            6.58706466414424,
            -32.8286150275372
          ],
          [
            6.326345408131446,
            -32.75379915633739
          ],
          [
            6.065181016169428,
            -32.68005793838329
          ],
          [
            5.8036134392909915,
            -32.607290094922554
          ],
          [
            5.541686559168562,
            -32.53538968622649
          ],
          [
            5.279445884193084,
            -32.46424684532044
          ],
          [
            5.016939206215351,
            -32.39374619247006
          ],
          [
            4.7542156886201985,
            -32.32376903676493
          ],
          [
            4.491325524564491,
            -32.25419420120499
          ],
          [
            4.228319640876348,
            -32.1848987375511
          ],
          [
            3.9652506731389714,
            -32.11575557226445
          ],
          [
            3.702170293963469,
            -32.046639956626485
          ],
          [
            3.4391307873716412,
            -31.977425665842688
          ],
          [
            3.1761848426746324,
            -31.907985496663493
          ],
          [
            2.9133842282694133,
            -31.83819446912282
          ],
          [
            2.6507796552120833,
            -31.76793015590132
          ],
          [
            2.3884213542590604,
            -31.69707128922554
          ],
          [
            2.1263586802828978,
            -31.62549871589283
          ],
          [
            1.864639228736433,
            -31.553097530315434
          ],
          [
            1.6033083025121333,
            -31.479758361635945
          ],
          [
            1.342410342605411,
            -31.405373919800503
          ],
          [
            1.0819871195434463,
            -31.329843361835895
          ],
          [
            0.8220779313698322,
            -31.253071813872296
          ],
          [
            0.5627192965615024,
            -31.17497111250741
          ],
          [
            0.30394561042133456,
            -31.095458220134567
          ],
          [
            0.045787838578027804,
            -31.014458379112988
          ],
          [
            -0.2117256318187104,
            -30.931903056800838
          ],
          [
            -0.4685699834920083,
            -30.847732338991715
          ],
          [
            -0.7247233704949451,
            -30.76189348490429
          ],
          [
            -0.9801674066994968,
            -30.67434210649893
          ],
          [
            -1.2348868312187598,
            -30.585041360735485
          ],
          [
            -1.488870788470887,
            -30.493965039921036
          ],
          [
            -1.742111750002731,
            -30.401094968761903
          ],
          [
            -1.9946052041439721,
            -30.30642175475612
          ],
          [
            -2.246350334413278,
            -30.20994410315678
          ],
          [
            -2.497350667979194,
            -30.11167046495762
          ],
          [
            -2.747612349611135,
            -30.011617576015418
          ],
          [
            -2.9971460294452372,
            -29.9098120045872
          ],
          [
            -3.2459650431092277,
            -29.806286970435977
          ],
          [
            -3.4940857181882112,
            -29.70108638681325
          ],
          [
            -3.741529858494698,
            -29.59426186842912
          ],
          [
            -3.988321036771058,
            -29.485872140216433
          ],
          [
            -4.234485861123907,
            -29.375985834932763
          ],
          [
            -4.480054172296677,
            -29.264677089053126
          ],
          [
            -4.725058918194667,
            -29.152029620527316
          ],
          [
            -4.969535645638694,
            -29.038132990328524
          ],
          [
            -5.21352242277002,
            -28.923082503890683
          ],
          [
            -5.457059968767911,
            -28.806981817202868
          ],
          [
            -5.70019077354163,
            -28.689939747167372
          ],
          [
            -5.942957759839227,
            -28.572070514409212
          ],
          [
            -6.185407937336125,
            -28.453493404239286
          ],
          [
            -6.427588655494379,
            -28.334332592970267
          ],
          [
            -6.669548821564987,
            -28.21471555866092
          ],
          [
            -6.911337777234145,
            -28.09477565016955
          ],
          [
            -7.153005391289759,
            -27.974648488112194
          ],
          [
            -7.394602146208378,
            -27.85447179444571
          ],
          [
            -7.636177925863762,
            -27.73438519335185
          ],
          [
            -7.877782957141534,
            -27.614532897855945
          ],
          [
            -8.119466653372898,
            -27.495058718940175
          ],
          [
            -8.361277453553788,
            -27.376106166669917
          ],
          [
            -8.60326251799518,
            -27.25782213745723
          ],
          [
            -8.845467998221658,
            -27.140351690332537
          ],
          [
            -9.08793715347896,
            -27.023840766203822
          ],
          [
            -9.33071213449784,
            -26.908432846877943
          ],
          [
            -9.573832343784428,
            -26.79427195668544
          ],
          [
            -9.817334196789476,
            -26.68150025173952
          ],
          [
            -10.061251054721032,
            -26.570259873543915
          ],
          [
            -10.305612663598039,
            -26.46068922830157
          ],
          [
            -10.550446245018405,
            -26.35292542710723
          ],
          [
            -10.795774723695802,
            -26.247103582114494
          ],
          [
            -11.041616771419303,
            -26.143355884094053
          ],
          [
            -11.287987134121064,
            -26.041812759050057
          ],
          [
            -11.534895605997077,
            -25.942600733867092
          ],
          [
            -11.782348090083428,
            -25.845845307179314
          ],
          [
            -12.030345589515619,
            -25.751668784806064
          ],
          [
            -12.278883512659998,
            -25.660190649043507
          ],
          [
            -12.527953429113492,
            -25.571528416114646
          ],
          [
            -12.77754194243727,
            -25.485795536039657
          ],
          [
            -13.027630184915086,
            -25.403102676431327
          ],
          [
            -13.278194750381488,
            -25.32355873667674
          ],
          [
            -13.529207245756014,
            -25.24727222734218
          ],
          [
            -13.780634838033764,
            -25.17434535317917
          ],
          [
            -14.032439902114454,
            -25.10487849331466
          ],
          [
            -14.284580437427485,
            -25.03897052680358
          ],
          [
            -14.537009970399637,
            -24.976718459014922
          ],
          [
            -14.789679013848897,
            -24.918214477120372
          ],
          [
            -15.04253402986073,
            -24.86354909434038
          ],
          [
            -15.29551796644073,
            -24.812810550669973
          ],
          [
            -15.548570924868931,
            -24.766083947885228
          ],
          [
            -15.801631100691203,
            -24.723449767345254
          ],
          [
            -16.05463431498443,
            -24.684985827911564
          ],
          [
            -16.307514462291913,
            -24.650767060675868
          ],
          [
            -16.56020498619146,
            -24.62086384754681
          ],
          [
            -16.81263895014386,
            -24.59534120442242
          ],
          [
            -17.064748686673543,
            -24.574258548899678
          ],
          [
            -17.31646756591375,
            -24.55767091528431
          ],
          [
            -17.567730140958997,
            -24.545627408222916
          ],
          [
            -17.818472734012765,
            -24.53817067493846
          ],
          [
            -18.06863406991726,
            -24.53533646549046
          ],
          [
            -18.318156179910474,
            -24.537153839833014
          ],
          [
            -18.566983695422934,
            -24.543641504604842
          ],
          [
            -18.815065750982427,
            -24.55481057742851
          ],
          [
            -19.062355606653508,
            -24.57066433396471
          ],
          [
            -19.308812527883354,
            -24.591194032093092
          ],
          [
            -19.554400517589695,
            -24.61637993460636
          ],
          [
            -19.799089905282205,
            -24.646192666047245
          ],
          [
            -20.04285741263229,
            -24.68059161030358
          ],
          [
            -20.28568688648267,
            -24.719525507560565
          ],
          [
            -20.52756821470441,
            -24.76292886691354
          ],
          [
            -20.76849888769533,
            -24.81072498737511
          ],
          [
            -21.00848466353295,
            -24.862827052432724
          ],
          [
            -21.247536924571605,
            -24.919131488165235
          ],
          [
            -21.485675747616465,
            -24.979525376896927
          ],
          [
            -21.72292807615363,
            -25.043882315294535
          ],
          [
            -21.959327788468446,
            -25.112063122600468
          ],
          [
            -22.19491593333105,
            -25.18391722678934
          ],
          [
            -22.42974092197337,
            -25.2592842152011
          ],
          [
            -22.663856775492555,
            -25.33799095344022
          ],
          [
            -22.89732299535561,
            -25.419855011807297
          ],
          [
            -23.130205885635615,
            -25.50468398520282
          ],
          [
            -23.362576485322606,
            -25.59227749073707
          ],
          [
            -23.594509786034624,
            -25.682426389008576
          ],
          [
            -23.826084518888937,
            -25.77491451856622
          ],
          [
            -24.057383170928563,
            -25.86952132054236
          ],
          [
            -24.288489972749314,
            -25.966019685439775
          ],
          [
            -24.519490119724917,
            -26.064179233797468
          ],
          [
            -24.75047014805233,
            -26.16376821221938
          ],
          [
            -24.981517229279042,
            -26.264552442788286
          ],
          [
            -25.212717741409303,
            -26.366296700495212
          ],
          [
            -25.444156898130743,
            -26.468766693006646
          ],
          [
            -25.675917978276985,
            -26.571730011388674
          ],
          [
            -25.90808120030976,
            -26.674956130508008
          ],
          [
            -26.140723244904393,
            -26.778217853183943
          ],
          [
            -26.373917255688365,
            -26.88129376245228
          ],
          [
            -26.607731299255757,
            -26.983966785229203
          ],
          [
            -26.842228168392666,
            -27.08602581006276
          ],
          [
            -27.07746452680031,
            -27.187265509905505
          ],
          [
            -27.3134914225929,
            -27.287489251141128
          ],
          [
            -27.550352961129565,
            -27.38650733114862
          ],
          [
            -27.7880861099375,
            -27.484137715518465
          ],
          [
            -28.026720473656745,
            -27.58020646737252
          ],
          [
            -28.266278040282696,
            -27.674547873440737
          ],
          [
            -28.506772982632327,
            -27.767004474588493
          ],
          [
            -28.748211513703083,
            -27.857427005978696
          ],
          [
            -28.990591793966388,
            -27.94567425360866
          ],
          [
            -29.23390371601392,
            -28.03161241997831
          ],
          [
            -29.478129227009337,
            -28.11511561001964
          ],
          [
            -29.723242377853538,
            -28.19606549782649
          ],
          [
            -29.969209025765092,
            -28.27435001753318
          ],
          [
            -30.215987482270133,
            -28.34986421897497
          ],
          [
            -30.4635279981555,
            -28.422508220100354
          ],
          [
            -30.71177375428568,
            -28.492188721910214
          ],
          [
            -30.960660112914002,
            -28.558816273205345
          ],
          [
            -31.21011593553159,
            -28.622307495422334
          ],
          [
            -31.460062475456148,
            -28.682581444038988
          ],
          [
            -31.710415077904166,
            -28.739562758727544
          ],
          [
            -31.96108275114897,
            -28.793179702178485
          ],
          [
            -32.211967939631585,
            -28.84336273016184
          ],
          [
            -32.462967870823114,
            -28.890046917646167
          ],
          [
            -32.71397350224563,
            -28.933168658318905
          ],
          [
            -32.96487123878708,
            -28.972669127044334
          ],
          [
            -33.21554251395282,
            -29.00849266516957
          ],
          [
            -33.46586344423039,
            -29.040585424141735
          ],
          [
            -33.715706422743,
            -29.068898771968794
          ],
          [
            -33.9649395998595,
            -29.093387675732444
          ],
          [
            -34.21342676835917,
            -29.114010131915858
          ],
          [
            -34.461028589221776,
            -29.130729895679355
          ],
          [
            -34.7076027653908,
            -29.14351672170727
          ],
          [
            -34.953003586735385,
            -29.152345125382972
          ],
          [
            -35.19708250376967,
            -29.157195651301347
          ],
          [
            -35.43968891189665,
            -29.15805665768195
          ],
          [
            -35.68067058509382,
            -29.15492524506895
          ],
          [
            -35.91987283828427,
            -29.147805088762432
          ],
          [
            -36.1571398180339,
            -29.136709364570898
          ],
          [
            -36.39231487391786,
            -29.121661392501547
          ],
          [
            -36.62524076217054,
            -29.102694795838765
          ],
          [
            -36.85576005165199,
            -29.07985405281029
          ],
          [
            -37.08371554906737,
            -29.05319498408754
          ],
          [
            -37.30895074371537,
            -29.022785163679075
          ],
          [
            -37.53131027161513,
            -28.988704241756064
          ],
          [
            -37.750640398405615,
            -28.951044169146417
          ],
          [
            -37.966789637497264,
            -28.9099095984426
          ],
          [
            -38.179609341526955,
            -28.865418067222745
          ],
          [
            -38.38895320292982,
            -28.81769739357873
          ],
          [
            -38.59467917995111,
            -28.766888775458835
          ],
          [
            -38.796649498846236,
            -28.71314509918375
          ],
          [
            -38.99473121032705,
            -28.65663044809184
          ],
          [
            -39.188796747229794,
            -28.597519487532537
          ],
          [
            -39.37872447922224,
            -28.535996730266618
          ],
          [
            -39.56439926006128,
            -28.472255688228117
          ],
          [
            -39.745713115206506,
            -28.406498286679923
          ],
          [
            -39.9225656881365,
            -28.338933640693686
          ],
          [
            -40.094863936326895,
            -28.26977498814778
          ],
          [
            -40.26252382180746,
            -28.19924143063202
          ],
          [
            -40.425470495586254,
            -28.127554830157948
          ],
          [
            -40.583638201254345,
            -28.054939693721394
          ],
          [
            -40.736970722450906,
            -27.981621613305272
          ],
          [
            -40.88542220883358,
            -27.907824665375973
          ],
          [
            -41.0289567878213,
            -27.833771620958725
          ],
          [
            -41.167549069697884,
            -27.759681884969464
          ],
          [
            -41.30118524120445,
            -27.68576980063499
          ],
          [
            -41.429860162242996,
            -27.612244630870833
          ],
          [
            -41.553580541931964,
            -27.539308056162742
          ],
          [
            -41.672364447027824,
            -27.46715323880572
          ],
          [
            -41.7862395122448,
            -27.395964483612396
          ],
          [
            -43.5,
            -26.0
          ]
        ]
      }
    },
    {
      "type": "Feature",
      "id": 6,
      "properties": {
        "jet_id": 6,
        "area": 181.0
      },
      "geometry": {
        "type": "LineString",
        "coordinates": [
          [
            -52.75,
            26.0
          ],
          [
            -50.94610016391803,
            27.693879525100865
          ],
          [
            -50.83166568418566,
            27.79775436830252
          ],
          [
            -50.71287797743421,
            27.905432368866514
          ],
          [
            -50.58976669588776,
            28.016889063719375
          ],
          [
            -50.46237295881653,
            28.132091765790037
          ],
          [
            -50.330749324170576,
            28.25100047544427
          ],
          [
            -50.194957823470915,
            28.37356438308012
          ],
          [
            -50.05507128765714,
            28.499726569384094
          ],
          [
            -49.91117093775287,
            28.62941992326158
          ],
          [
            -49.76334698480311,
            28.76257053977741
          ],
          [
            -49.61169782531326,
            28.899097919596166
          ],
          [
            -49.45632888259769,
            29.038914480959363
          ],
          [
            -49.29735121625386,
            29.181924652627366
          ],
          [
            -49.1348819158635,
            29.32802838712223
          ],
          [
            -48.96904204601456,
            29.47711884626487
          ],
          [
            -48.79995623688263,
            29.629084114043565
          ],
          [
            -48.62775137934429,
            29.78380677288157
          ],
          [
            -48.45255605618681,
            29.941165253306025
          ],
          [
            -48.27449913665408,
            30.10103313192309
          ],
          [
            -48.09370935571712,
            30.263280748016253
          ],
          [
            -47.91031384978695,
            30.427774216728828
          ],
          [
            -47.72443792400392,
            30.59437730805653
          ],
          [
            -47.53620392156432,
            30.762951029225952
          ],
          [
            -47.345730362530524,
            30.933353710077064
          ],
          [
            -47.15313122002156,
            31.105441256275046
          ],
          [
            -46.958515456029055,
            31.279067851966488
          ],
          [
            -46.761986949652545,
            31.454087421786245
          ],
          [
            -46.56364325360925,
            31.63035206821184
          ],
          [
            -46.363575339092186,
            31.807712694173212
          ],
          [
            -46.16186819041728,
            31.98602147422754
          ],
          [
            -45.958599637061404,
            32.16512986792993
          ],
          [
            -45.75384056547197,
            32.34488976484871
          ],
          [
            -45.547654395898086,
            32.525152661217824
          ],
          [
            -45.340098490911764,
            32.705773313760375
          ],
          [
            -45.13122300094399,
            32.88660702914967
          ],
          [
            -44.921071017400145,
            33.06750994474539
          ],
          [
            -44.70968000415943,
            33.24834224282497
          ],
          [
            -44.49708065242503,
            33.42896500530075
          ],
          [
            -44.28329871402975,
            33.609244134885635
          ],
          [
            -44.06835389539827,
            33.789047071245584
          ],
          [
            -43.852261889458696,
            33.96824698973673
          ],
          [
            -43.63503322624348,
            34.14671924249483
          ],
          [
            -43.41667547402378,
            34.3243458268071
          ],
          [
            -43.19719201693485,
            34.50101154207269
          ],
          [
            -42.97658390592238,
            34.67660753481026
          ],
          [
            -42.754850386869556,
            34.851031632461094
          ],
          [
            -42.531988086571985,
            35.024185432382346
          ],
          [
            -42.30799316677056,
            35.19597856383364
          ],
          [
            -42.08286111904935,
            35.3663272728749
          ],
          [
            -41.85658691862089,
            35.53515390175397
          ],
          [
            -41.62916613535662,
            35.70238871577667
          ],
          [
            -41.40059476807605,
            35.86796869148394
          ],
          [
            -41.170870178213974,
            36.03183900845147
          ],
          [
            -40.939990672832494,
            36.19395133439679
          ],
          [
            -40.707957076521836,
            36.35426696932463
          ],
          [
            -40.47477183540799,
            36.51275409127309
          ],
          [
            -40.24043992533443,
            36.66938941842791
          ],
          [
            -40.00496857222241,
            36.824157064357564
          ],
          [
            -39.76836750586934,
            36.97704874100083
          ],
          [
            -39.53064998456358,
            37.12806588081483
          ],
          [
            -39.291831275601034,
            37.27721567278006
          ],
          [
            -39.05192976984119,
            37.424513510399194
          ],
          [
            -38.81096731777514,
            37.56998360962756
          ],
          [
            -38.56896761096216,
            37.71365495339865
          ],
          [
            -38.32595755008343,
            37.8555644878136
          ],
          [
            -38.08196701575542,
            37.995756499242134
          ],
          [
            -37.837028255779416,
            38.13428109797645
          ],
          [
            -37.59117544699469,
            38.27119315153781
          ],
          [
            -37.344445273100185,
            38.40655369450586
          ],
          [
            -37.096876946927736,
            38.540430016668466
          ],
          [
            -36.84851064180631,
            38.6728919258846
          ],
          [
            -36.599388305386086,
            38.80401377444015
          ],
          [
            -36.34955378432844,
            38.93387482991778
          ],
          [
            -36.099050975326534,
            39.06255488625589
          ],
          [
            -35.847924990729524,
            39.19013715490513
          ],
          [
            -35.596221470400366,
            39.316706680293876
          ],
          [
            -35.34398628634165,
            39.44234970106401
          ],
          [
            -35.091265298344354,
            39.56715298866506
          ],
          [
            -34.83810459949255,
            39.691202003874764
          ],
          [
            -34.58454872143333,
            39.814583988136874
          ],
          [
            -34.33064172933005,
            39.93738409641981
          ],
          [
            -34.076426859257495,
            40.05968401254652
          ],
          [
            -33.821947087833,
            40.181564468224295
          ],
          [
            -33.5672423280739,
            40.30310362320007
          ],
          [
            -33.312350464790285,
            40.42437682987319
          ],
          [
            -33.05730766672063,
            40.54545485747158
          ],
          [
            -32.80214804388777,
            40.666403763254316
          ],
          [
            -32.54690371384936,
            40.78728384923611
          ],
          [
            -32.291603479812274,
            40.908152048810265
          ],
          [
            -32.0362743610598,
            41.02905772307
          ],
          [
            -31.7809404980868,
            41.15004572098711
          ],
          [
            -31.525622449124768,
            41.27115277272376
          ],
          [
            -31.2703382751141,
            41.39241002877566
          ],
          [
            -31.015103051406847,
            41.51384179015695
          ],
          [
            -30.759929478544237,
            41.635465072037505
          ],
          [
            -30.504826641153713,
            41.757289989432614
          ],
          [
            -30.24980042207246,
            41.87932019316562
          ],
          [
            -29.994853828442075,
            42.001550999465444
          ],
          [
            -29.739986921127247,
            42.123970328614796
          ],
          [
            -29.4851973276606,
            42.24655978462537
          ],
          [
            -29.230481260970503,
            42.36929489796586
          ],
          [
            -28.975831152316474,
            42.4921428715535
          ],
          [
            -28.721237141407485,
            42.6150642958147
          ],
          [
            -28.466686956352053,
            42.73801263466778
          ],
          [
            -28.212166720428417,
            42.86093593317797
          ],
          [
            -27.957660780027478,
            42.98377614552864
          ],
          [
            -27.70315149109516,
            43.10646834552887
          ],
          [
            -27.448620241676217,
            43.22894290343093
          ],
          [
            -27.1940473743011,
            43.35112498828448
          ],
          [
            -26.939412455375912,
            43.47293488915303
          ],
          [
            -26.684694554742414,
            43.594288341722745
          ],
          [
            -26.429872533983108,
            43.71509685676272
          ],
          [
            -26.174925342080797,
            43.83526804719147
          ],
          [
            -25.919831906005612,
            43.954705780593606
          ],
          [
            -25.66457218992029,
            44.073310807110666
          ],
          [
            -25.409127878265945,
            44.190981221387155
          ],
          [
            -25.153481298677,
            44.3076121843061
          ],
          [
            -24.89761641503701,
            44.423096490632965
          ],
          [
            -24.641519140779756,
            44.53732484362183
          ],
          [
            -24.385177651757523,
            44.65018611862073
          ],
          [
            -24.128581811352667,
            44.76156724933846
          ],
          [
            -23.87172622189984,
            44.871354608300905
          ],
          [
            -23.614607773906194,
            44.97943310259072
          ],
          [
            -23.35722602437844,
            45.085686438528086
          ],
          [
            -23.099585692684695,
            45.18999826368127
          ],
          [
            -22.8416952072248,
            45.292251676772686
          ],
          [
            -22.583567090181724,
            45.39232950641406
          ],
          [
            -22.325218522980386,
            45.4901146761295
          ],
          [
            -22.066671617057427,
            45.58549046282796
          ],
          [
            -21.807953675432344,
            45.6783407710714
          ],
          [
            -21.549097443700973,
            45.768550426576965
          ],
          [
            -21.29014174958386,
            45.85600645946361
          ],
          [
            -21.03113045204988,
            45.94059536513561
          ],
          [
            -20.77211401327331,
            46.022206762915275
          ],
          [
            -20.5131492003945,
            46.10073261217657
          ],
          [
            -20.25429954086767,
            46.176068327040504
          ],
          [
            -19.995634684524575,
            46.2481113372773
          ],
          [
            -19.73723141686036,
            46.316763727217435
          ],
          [
            -19.4791729644754,
            46.38193084862704
          ],
          [
            -19.221549904739426,
            46.44352390841313
          ],
          [
            -18.96445929312607,
            46.50145835938881
          ],
          [
            -18.708005616259662,
            46.555656807924926
          ],
          [
            -18.452299729359062,
            46.606047167026574
          ],
          [
            -18.197459841022066,
            46.65256586489631
          ],
          [
            -17.94361024949233,
            46.69515573798278
          ],
          [
            -17.690882348490423,
            46.73376951503945
          ],
          [
            -17.4394131524573,
            46.768367421954096
          ],
          [
            -17.18934631468637,
            46.798920910709434
          ],
          [
            -16.940830434157498,
            46.825409943435815
          ],
          [
            -16.69401970604424,
            46.8478260289585
          ],
          [
            -16.449073468768365,
            46.86617268201144
          ],
          [
            -16.206155200652496,
            46.88046463124944
          ],
          [
            -15.965431433684227,
            46.890726894409966
          ],
          [
            -15.727072809481536,
            46.89699908093968
          ],
          [
            -15.491252000483684,
            46.89933216969995
          ],
          [
            -15.258143086574332,
            46.89778882985466
          ],
          [
            -15.027922035887038,
            46.89244642244557
          ],
          [
            -14.800764259231224,
            46.883392936800746
          ],
          [
            -14.576845507294731,
            46.87073098109293
          ],
          [
            -14.356339358181145,
            46.85457350907992
          ],
          [
            -14.139417198543033,
            46.835045518456745
          ],
          [
            -13.926247794326153,
            46.812284693706154
          ],
          [
            -13.716995101306859,
            46.78643771866339
          ],
          [
            -13.511818523230133,
            46.75766240175478
          ],
          [
            -13.310871805424688,
            46.72612639570207
          ],
          [
            -13.114301637569714,
            46.69200508970853
          ],
          [
            -12.922246652211607,
            46.65548031871925
          ],
          [
            -12.734838045583244,
            46.616742839159095
          ],
          [
            -12.552196932107938,
            46.57598675864148
          ],
          [
            -12.374435409269703,
            46.533412754076515
          ],
          [
            -12.201654497573521,
            46.48922356929202
          ],
          [
            -12.033943720957199,
            46.44362329150392
          ],
          [
            -11.871380950640207,
            46.39681707885681
          ],
          [
            -11.714032336951313,
            46.349010914011174
          ],
          [
            -11.56195065919335,
            46.30040735272355
          ],
          [
            -11.415176203357245,
            46.25120719189314
          ],
          [
            -11.27373594564482,
            46.201606868612565
          ],
          [
            -11.137643759808977,
            46.151798158397625
          ],
          [
            -11.006899992908167,
            46.10196618420771
          ],
          [
            -9.0,
            45.0
          ]
        ]
      }
    },
    {
      "type": "Feature",
      "id": 7,
      "properties": {
        "jet_id": 7,
        "area": 112.0
      },
      "geometry": {
        "type": "LineString",
        "coordinates": [
          [
            145.0,
            30.25
          ],
          [
            146.3863668648494,
            31.753831884694414
          ],
          [
            146.48499820556523,
            31.835596943941646
          ],
          [
            146.58833350532933,
            31.91933349896427
          ],
          [
            146.69642255754437,
            32.00493389332982
          ],
          [
            146.80930530951844,
            32.09228577151538
          ],
          [
            146.92701018797658,
            32.18126935196474
          ],
          [
            147.04955421132522,
            32.271758867398844
          ],
          [
            147.17694405314413,
            32.36362614031961
          ],
          [
            147.3091745803179,
            32.45673788741885
          ],
          [
            147.4462291830723,
            32.550957164723556
          ],
          [
            147.58808056726767,
            32.64614573474549
          ],
          [
            147.734691041576,
            32.74216501396766
          ],
          [
            147.88601176730396,
            32.83887431208442
          ],
          [
            148.04198429886026,
            32.93613439650456
          ],
          [
            148.20254013979866,
            33.03380606288165
          ],
          [
            148.36760161220468,
            33.131751677557205
          ],
          [
            148.53708267781377,
            33.22983641167755
          ],
          [
            148.71088946645904,
            33.32792858643213
          ],
          [
            148.88892025823185,
            33.42589852898372
          ],
          [
            149.07106737465796,
            33.52362188073198
          ],
          [
            149.2572164762005,
            33.620976503434214
          ],
          [
            149.44724843660387,
            33.71784548356541
          ],
          [
            149.64104012381293,
            33.81411739318814
          ],
          [
            149.83846420549585,
            33.909684112449284
          ],
          [
            150.03939092741783,
            34.004443352371716
          ],
          [
            150.24368852481106,
            34.09829783623475
          ],
          [
            150.45122369072104,
            34.19115459889259
          ],
          [
            150.66186249231382,
            34.28292536930358
          ],
          [
            150.87547098138538,
            34.37352659936076
          ],
          [
            151.09191549800167,
            34.46288010108674
          ],
          [
            151.31106455920576,
            34.55090971870088
          ],
          [
            151.53278632549828,
            34.63754396804019
          ],
          [
            151.75695276575746,
            34.72271505527127
          ],
          [
            151.9834386083416,
            34.806358443216546
          ],
          [
            152.21212172938112,
            34.88841253358161
          ],
          [
            152.44288348215136,
            34.96881834551379
          ],
          [
            152.67560896649746,
            35.047519196968054
          ],
          [
            152.91018723799806,
            35.12446039497217
          ],
          [
            153.1465114572421,
            35.19958894042288
          ],
          [
            153.38447898024594,
            35.27285325252317
          ],
          [
            153.62399139164674,
            35.34420291740207
          ],
          [
            153.86495448286786,
            35.41358846485798
          ],
          [
            154.107278177956,
            35.48096117654851
          ],
          [
            154.35087641023594,
            35.54627292832644
          ],
          [
            154.5956669533123,
            35.609476068806266
          ],
          [
            154.8415712102678,
            35.67052333564781
          ],
          [
            155.0885139651624,
            35.72936781047224
          ],
          [
            155.3364231011294,
            35.785962912788705
          ],
          [
            155.5852292894921,
            35.84026243281049
          ],
          [
            155.83486565439156,
            35.89222060258344
          ],
          [
            156.0852674174249,
            35.94179220443529
          ],
          [
            156.33637152674828,
            35.98893271538477
          ],
          [
            156.5881162750032,
            36.03359848581977
          ],
          [
            156.840440910283,
            36.075746950463945
          ],
          [
            157.09328524417995,
            36.1153368693941
          ],
          [
            157.34658926073453,
            36.152328596644715
          ],
          [
            157.60029272987163,
            36.18668437373388
          ],
          [
            157.8543348286426,
            36.21836864526199
          ],
          [
            158.10865377331717,
            36.247348393567535
          ],
          [
            158.36318646507956,
            36.27359348926547
          ],
          [
            158.61786815179812,
            36.297077054343205
          ],
          [
            158.8726321080513,
            36.31777583434157
          ],
          [
            159.1274093353167,
            36.335670576002975
          ],
          [
            159.38212828397047,
            36.35074640662666
          ],
          [
            159.63671459849994,
            36.36299321123111
          ],
          [
            159.89109088711643,
            36.37240600349034
          ],
          [
            160.14517651675797,
            36.37898528628701
          ],
          [
            160.39888743431075,
            36.38273739761584
          ],
          [
            160.65213601474034,
            36.38367483748209
          ],
          [
            160.90483093671932,
            36.38181657137869
          ],
          [
            161.1568770862633,
            36.37718830589884
          ],
          [
            161.4081754888369,
            36.369822732055965
          ],
          [
            161.65862327037118,
            36.35975973194841
          ],
          [
            161.90811364762945,
            36.34704654452726
          ],
          [
            162.15653594837542,
            36.33173788641062
          ],
          [
            162.40377566182354,
            36.313896023939364
          ],
          [
            162.6497145198838,
            36.29359079299457
          ],
          [
            162.8942306097423,
            36.27089956349457
          ],
          [
            163.13719851834497,
            36.24590714596291
          ],
          [
            163.37848950935657,
            36.21870563810452
          ],
          [
            163.61797173315358,
            36.18939420994171
          ],
          [
            163.8555104703692,
            36.15807728006574
          ],
          [
            164.09096840942746,
            36.12486755477369
          ],
          [
            164.32420557936885,
            36.08988390247906
          ],
          [
            164.55507991411366,
            36.053250810920694
          ],
          [
            164.78344926239018,
            36.015097200996294
          ],
          [
            165.00916854422286,
            35.97555720966838
          ],
          [
            165.23209397806338,
            35.93476800678118
          ],
          [
            165.4520794320346,
            35.892870841430316
          ],
          [
            165.66898113293982,
            35.85000859885143
          ],
          [
            165.88265422124084,
            35.80632671289974
          ],
          [
            166.09295618573768,
            35.76197121302139
          ],
          [
            166.2997465782844,
            35.717088302633066
          ],
          [
            166.50288746683856,
            35.67182379920469
          ],
          [
            166.7022440256539,
            35.62632243939277
          ],
          [
            166.89768587315092,
            35.580725414598504
          ],
          [
            167.08908645701715,
            35.53517265352268
          ],
          [
            167.2763252155392,
            35.489798430837276
          ],
          [
            167.45928656379854,
            35.4447346645814
          ],
          [
            167.63786193696723,
            35.400106849882356
          ],
          [
            167.81195023516318,
            35.35603386088523
          ],
          [
            167.98145722125423,
            35.312630281068856
          ],
          [
            168.1462974726882,
            35.27000255859328
          ],
          [
            168.30639480120942,
            35.22824884109896
          ],
          [
            168.46168151461674,
            35.18746157565237
          ],
          [
            168.61210021945584,
            35.14772393247502
          ],
          [
            168.7576041588453,
            35.1091097116492
          ],
          [
            168.89815628332184,
            35.0716862434262
          ],
          [
            169.03373125306325,
            35.03551013501063
          ],
          [
            169.16431404235405,
            35.000631132824275
          ],
          [
            171.25,
            34.5
          ]
        ]
      }
    },
    {
      "type": "Feature",
      "id": 8,
      "properties": {
        "jet_id": 8,
        "area": 121.0
      },
      "geometry": {
        "type": "LineString",
        "coordinates": [
          [
            -161.75000000000003,
            31.75
          ],
          [
            -161.94215499194166,
            33.76034934375829
          ],
          [
            -161.92935835431126,
            33.88552529332382
          ],
          [
            -161.91385643464278,
            34.01524671508246
          ],
          [
            -161.89547365027556,
            34.14946088841308
          ],
          [
            -161.87403621758324,
            34.28809962647147
          ],
          [
            -161.84937467513564,
            34.431083068092065
          ],
          [
            -161.82132454284618,
            34.57831909262203
          ],
          [
            -161.78972736542084,
            34.729703809811895
          ],
          [
            -161.75443173766632,
            34.885122175968235
          ],
          [
            -161.71529428100786,
            35.044448683369666
          ],
          [
            -161.6721807821759,
            35.20754865115966
          ],
          [
            -161.62496701433918,
            35.37427837433491
          ],
          [
            -161.5735390208878,
            35.54448361743878
          ],
          [
            -161.5177940971366,
            35.71800479187422
          ],
          [
            -161.45764087941953,
            35.894677178482375
          ],
          [
            -161.39300118169362,
            36.074328543876184
          ],
          [
            -161.32380908331683,
            36.25678312359918
          ],
          [
            -161.25001114616967,
            36.44186258837162
          ],
          [
            -161.17156769434487,
            36.62938413765282
          ],
          [
            -161.08845185970603,
            36.819163666798374
          ],
          [
            -161.00064968519047,
            37.01101605237346
          ],
          [
            -160.90815970967955,
            37.20475635735273
          ],
          [
            -160.81099307276756,
            37.40019945065827
          ],
          [
            -160.70917312645338,
            37.59716049245703
          ],
          [
            -160.60273483045796,
            37.7954563688573
          ],
          [
            -160.49172410777695,
            37.99490574623902
          ],
          [
            -160.37619622868186,
            38.19532981603962
          ],
          [
            -160.2562165573206,
            38.396551950209464
          ],
          [
            -160.13185824675818,
            38.59839851477124
          ],
          [
            -160.00320274976198,
            38.800698417608594
          ],
          [
            -159.87033754940887,
            39.003283716333215
          ],
          [
            -159.73335715820664,
            39.20598879005459
          ],
          [
            -159.59236005258535,
            39.40865112297054
          ],
          [
            -159.44744854036466,
            39.61111081265656
          ],
          [
            -159.29872781210045,
            39.81321239971423
          ],
          [
            -159.14630501809754,
            40.014801002975425
          ],
          [
            -158.990288382892,
            40.21572370852362
          ],
          [
            -158.83078636833307,
            40.41582926987715
          ],
          [
            -158.6679068955732,
            40.61496778943218
          ],
          [
            -158.5017566353176,
            40.81299039002249
          ],
          [
            -158.33244037460452,
            41.00974888532258
          ],
          [
            -158.16006046720452,
            41.20509545754068
          ],
          [
            -157.98471637346097,
            41.398882350433425
          ],
          [
            -157.80650429405662,
            41.5909615851361
          ],
          [
            -157.62551690081534,
            41.78118470566002
          ],
          [
            -157.44184316624154,
            41.96940256017955
          ],
          [
            -157.25556829209404,
            42.15546512343475
          ],
          [
            -157.06677373589753,
            42.33922136473234
          ],
          [
            -156.87553733294487,
            42.52051916515774
          ],
          [
            -156.6819335100404,
            42.699205286734134
          ],
          [
            -156.48603358601434,
            42.87512539539938
          ],
          [
            -156.28790615290146,
            43.04812413883665
          ],
          [
            -156.08761753065073,
            43.21804527940329
          ],
          [
            -155.88523228731887,
            43.38473188167038
          ],
          [
            -155.68081381591966,
            43.54802655342148
          ],
          [
            -155.47442495845212,
            43.70777173837136
          ],
          [
            -155.2661286671278,
            43.86381005835963
          ],
          [
            -155.0559886924569,
            44.015984702351744
          ],
          [
            -154.8440702876418,
            44.164139859239306
          ],
          [
            -154.6304409186569,
            44.30812119117023
          ],
          [
            -154.41517096947078,
            44.44777634395009
          ],
          [
            -154.198334432074,
            44.582955490931205
          ],
          [
            -153.98000957131538,
            44.71351190673443
          ],
          [
            -153.76027955500481,
            44.83930256711986
          ],
          [
            -153.53923304030704,
            44.96018877132332
          ],
          [
            -153.31696470811076,
            45.076036783193125
          ],
          [
            -153.09357573780133,
            45.18671848748376
          ],
          [
            -152.86917421568114,
            45.29211205767714
          ],
          [
            -152.64387547115163,
            45.392102631697966
          ],
          [
            -152.41780233568525,
            45.48658299185842
          ],
          [
            -152.1910853205611,
            45.57545424530048
          ],
          [
            -151.96386271029658,
            45.65862650109921
          ],
          [
            -151.7362805696779,
            45.73601954004312
          ],
          [
            -151.5084926632475,
            45.80756347292018
          ],
          [
            -151.2806602870556,
            45.87319938291385
          ],
          [
            -151.05295201339928,
            45.93287994745827
          ],
          [
            -150.8255433501594,
            45.98657003462427
          ],
          [
            -150.5986163171916,
            46.034247268822
          ],
          [
            -150.37235894302816,
            46.07590256032042
          ],
          [
            -150.14696468589688,
            46.11154059281958
          ],
          [
            -149.9226317837602,
            46.14118026307878
          ],
          [
            -149.69956136402197,
            46.164853891731326
          ],
          [
            -149.47795923413202,
            46.18261011430566
          ],
          [
            -149.25803362379835,
            46.194512710405505
          ],
          [
            -149.03999431627645,
            46.20064079537598
          ],
          [
            -148.82405173960785,
            46.20108893197417
          ],
          [
            -148.61041623370366,
            46.19596707020269
          ],
          [
            -148.39929718137176,
            46.185400442610565
          ],
          [
            -148.19090053946266,
            46.169530020143064
          ],
          [
            -147.98543021478085,
            46.148511272784994
          ],
          [
            -147.78308500336948,
            46.122514861335034
          ],
          [
            -147.5840606759083,
            46.091725215174186
          ],
          [
            -147.38854354276242,
            46.056339906451576
          ],
          [
            -147.1967146766431,
            46.01657016306686
          ],
          [
            -147.00874707390145,
            45.972639288627825
          ],
          [
            -146.82480391814047,
            45.92478141978793
          ],
          [
            -146.6450396937482,
            45.87324134597909
          ],
          [
            -146.46959706273665,
            45.818272458850764
          ],
          [
            -146.29860933108301,
            45.76013690580436
          ],
          [
            -146.13219719059447,
            45.699103267017804
          ],
          [
            -145.97046907793086,
            45.635445632696396
          ],
          [
            -145.81352055194046,
            45.56944218438599
          ],
          [
            -145.6614333727571,
            45.50137357351642
          ],
          [
            -145.51427750106348,
            45.43152244156098
          ],
          [
            -145.37210754776368,
            45.36017058585636
          ],
          [
            -145.2349653398835,
            45.287598616432014
          ],
          [
            -145.1028776561259,
            45.21408358352375
          ],
          [
            -144.97585854124415,
            45.139898487542474
          ],
          [
            -144.8539070956939,
            45.06530991531472
          ],
          [
            -144.73701008885953,
            44.99057768944305
          ],
          [
            -144.62514057286427,
            44.9159528906479
          ],
          [
            -144.51825849776625,
            44.841676752752115
          ],
          [
            -144.4163114121004,
            44.767979650074
          ],
          [
            -143.0,
            43.25
          ]
        ]
      }
    },
    {
      "type": "Feature",
      "id": 9,
      "properties": {
        "jet_id": 9,
        "area": 158.0
      },
      "geometry": {
        "type": "LineString",
        "coordinates": [
          [
            21.0,
            37.25
          ],
          [
            20.213328071695685,
            39.24979741693742
          ],
          [
            20.188732733400542,
            39.37401638411421
          ],
          [
            20.16571058311415,
            39.5026850057839
          ],
          [
            20.144500859961678,
            39.63574096281385
          ],
          [
            20.12534828658967,
            39.773106168853296
          ],
          [
            20.10849989655329,
            39.91469144328265
          ],
          [
            20.094203381634472,
            40.0603945600218
          ],
          [
            20.08270772611263,
            40.21010078774973
          ],
          [
            20.074259636202793,
            40.36368379798079
          ],
          [
            20.06910324688319,
            40.52100706385102
          ],
          [
            20.067478852511652,
            40.68192495018345
          ],
          [
            20.06961853050876,
            40.84628259728591
          ],
          [
            20.075747728149814,
            41.01391833851384
          ],
          [
            20.086082396320258,
            41.184664319292864
          ],
          [
            20.10082663880997,
            41.35834735719607
          ],
          [
            20.120170883608957,
            41.53479002688313
          ],
          [
            20.144293933399492,
            41.71381129313513
          ],
          [
            20.173358079922167,
            41.89522993613519
          ],
          [
            20.207509098265604,
            42.078864614512106
          ],
          [
            20.246875176352507,
            42.264535093954734
          ],
          [
            20.2915659743166,
            42.452063443822944
          ],
          [
            20.341671822571396,
            42.64127518892935
          ],
          [
            20.397263065728847,
            42.832000404221674
          ],
          [
            20.45838955780079,
            43.02407474080716
          ],
          [
            20.525080312333248,
            43.21734037261907
          ],
          [
            20.597343309310382,
            43.41164685401878
          ],
          [
            20.675165458847175,
            43.60685187973923
          ],
          [
            20.758512719893396,
            43.802821939793624
          ],
          [
            20.84733037042181,
            43.99943286327741
          ],
          [
            20.941543423894636,
            44.196570246364566
          ],
          [
            21.041057185217202,
            44.394129761222366
          ],
          [
            21.145757937916745,
            44.592017344020675
          ],
          [
            21.255513752947394,
            44.79014926167348
          ],
          [
            21.37017540833594,
            44.98845205840191
          ],
          [
            21.489577407861294,
            45.18686238462753
          ],
          [
            21.613539086116493,
            45.38532671207589
          ],
          [
            21.741865786644226,
            45.58380094027227
          ],
          [
            21.874350099372286,
            45.78224990082801
          ],
          [
            22.0107731433082,
            45.98064676703159
          ],
          [
            22.15090588038298,
            46.17897237725821
          ],
          [
            22.29451044646187,
            46.37721448158446
          ],
          [
            22.4413414858593,
            46.5753669217288
          ],
          [
            22.591147476199925,
            46.77342875502892
          ],
          [
            22.743672031147124,
            46.971403333605224
          ],
          [
            22.898655169362033,
            47.16929735014516
          ],
          [
            23.055834539045527,
            47.3671198618748
          ],
          [
            23.214946588534673,
            47.564881304263515
          ],
          [
            23.3757276746559,
            47.762592505841845
          ],
          [
            23.53791510185621,
            47.96026371520397
          ],
          [
            23.701248086521392,
            48.15790365083081
          ],
          [
            23.865468642319104,
            48.35551858381118
          ],
          [
            24.03032238385333,
            48.553111462875854
          ],
          [
            24.19555924735697,
            48.75068109040301
          ],
          [
            24.360934128558,
            48.948221357220575
          ],
          [
            24.526207439205375,
            49.145720543137244
          ],
          [
            24.691145585010393,
            49.343160689195294
          ],
          [
            24.85552136892471,
            49.54051704667206
          ],
          [
            25.019114324716398,
            49.73775760687792
          ],
          [
            25.181710986702615,
            49.93484271482378
          ],
          [
            25.343105102234844,
            50.13172476887222
          ],
          [
            25.503097794098455,
            50.328348007559974
          ],
          [
            25.661497680373056,
            50.524648383892334
          ],
          [
            25.818120959498074,
            50.72055352657517
          ],
          [
            25.972791468298382,
            50.915982786874515
          ],
          [
            26.125340720550028,
            51.11084736908043
          ],
          [
            26.27560793331285,
            51.305050541907356
          ],
          [
            26.42344004773596,
            51.498487927588044
          ],
          [
            26.568691750368608,
            51.69104786491033
          ],
          [
            26.71122550020079,
            51.882611842007044
          ],
          [
            26.850911565736467,
            52.073054994331926
          ],
          [
            26.98762807539182,
            52.262246662936576
          ],
          [
            27.121261083437464,
            52.45005100789882
          ],
          [
            27.251704652595173,
            52.63632767153483
          ],
          [
            27.37886095328377,
            52.82093248585006
          ],
          [
            27.502640378415727,
            53.003718218541486
          ],
          [
            27.622961671602262,
            53.184535351749105
          ],
          [
            27.739752065656944,
            53.36323288766367
          ],
          [
            27.852947427421864,
            53.53965917502539
          ],
          [
            27.96249240419618,
            53.71366275049289
          ],
          [
            28.06834056644462,
            53.88509318881783
          ],
          [
            28.170454541016536,
            54.053801955733505
          ],
          [
            28.268807313185356,
            54.21964207309008
          ],
          [
            28.3633797355995,
            54.382471545883156
          ],
          [
            28.454162037436372,
            54.54215274570865
          ],
          [
            28.54115385265295,
            54.69855321985883
          ],
          [
            28.624364210123176,
            54.85154647185304
          ],
          [
            28.703811480638407,
            55.001012707674
          ],
          [
            28.77952319396374,
            55.146839507942346
          ],
          [
            28.85153526529527,
            55.2889222312434
          ],
          [
            28.919894327410905,
            55.427165675532805
          ],
          [
            28.98465456219672,
            55.561483428513064
          ],
          [
            29.04587734965411,
            55.6917983481138
          ],
          [
            29.10363363402301,
            55.818044127132424
          ],
          [
            29.158002123729,
            55.940165086544425
          ],
          [
            29.209067195061216,
            56.05811579622001
          ],
          [
            29.75,
            58.0
          ]
        ]
      }
    },
    {
      "type": "Feature",
      "id": 10,
      "properties": {
        "jet_id": 10,
        "area": 125.0
      },
      "geometry": {
        "type": "LineString",
        "coordinates": [
          [
            -109.0,
            48.0
          ],
          [
            -106.90140204936935,
            48.568012002624634
          ],
          [
            -106.7705834978525,
            48.60405442221918
          ],
          [
            -106.63483113549307,
            48.6413647526287
          ],
          [
            -106.4941679560375,
            48.67991616480209
          ],
          [
            -106.34862847037249,
            48.71967760651244
          ],
          [
            -106.19825845752693,
            48.76061404131852
          ],
          [
            -106.04311464001212,
            48.80268672778729
          ],
          [
            -105.88326428740633,
            48.84585353522854
          ],
          [
            -105.71878475281412,
            48.890069291503714
          ],
          [
            -105.54976302054517,
            48.93528598146082
          ],
          [
            -105.3762954607009,
            48.98145233205367
          ],
          [
            -105.19848597040236,
            49.02851718782977
          ],
          [
            -105.01644641965063,
            49.0764272276367
          ],
          [
            -104.8302957779133,
            49.12512778157109
          ],
          [
            -104.64015966381942,
            49.17456255213051
          ],
          [
            -104.44616834678963,
            49.22467700904983
          ],
          [
            -104.2484570793533,
            49.2754161044347
          ],
          [
            -104.0471651620392,
            49.3267250055797
          ],
          [
            -103.84243546194335,
            49.37854870108017
          ],
          [
            -103.63441238748784,
            49.430835313209684
          ],
          [
            -103.4232422225304,
            49.48353370395275
          ],
          [
            -103.20907271127294,
            49.5365928896582
          ],
          [
            -102.99205092100101,
            49.58996562328637
          ],
          [
            -102.77232353289718,
            49.643606134446664
          ],
          [
            -102.55003612985222,
            49.697470320060994
          ],
          [
            -102.32533298699536,
            49.75151475970906
          ],
          [
            -102.09835515119148,
            49.805699908991166
          ],
          [
            -101.86924086446543,
            49.85998768989227
          ],
          [
            -101.63812551751741,
            49.914340279501616
          ],
          [
            -101.40513994791377,
            49.96872296668659
          ],
          [
            -101.17041108174615,
            50.023101430098606
          ],
          [
            -100.934061011644,
            50.077442876958344
          ],
          [
            -100.69620662430867,
            50.13171594729222
          ],
          [
            -100.4569601878541,
            50.185888398840866
          ],
          [
            -100.21642837265085,
            50.23992867677067
          ],
          [
            -99.97471211614389,
            50.293805553203335
          ],
          [
            -99.73190710129447,
            50.34748639632482
          ],
          [
            -99.48810263034571,
            50.40093942735841
          ],
          [
            -99.24338283599711,
            50.45413045032921
          ],
          [
            -98.99782640544377,
            50.50702328892719
          ],
          [
            -98.75150558446403,
            50.55958207840031
          ],
          [
            -98.50448753737466,
            50.61176798586835
          ],
          [
            -98.2568342040396,
            50.663539673118095
          ],
          [
            -98.0086025811595,
            50.71485284616947
          ],
          [
            -97.75984566310791,
            50.76566276330137
          ],
          [
            -97.51061066738718,
            50.81592104673942
          ],
          [
            -97.26094035790109,
            50.86557668688981
          ],
          [
            -97.0108733248166,
            50.91457602643948
          ],
          [
            -96.76044428225852,
            50.962862788908055
          ],
          [
            -96.50968438083885,
            51.01037815124779
          ],
          [
            -96.25862153207358,
            51.05706085940068
          ],
          [
            -96.00728074181283,
            51.102847385085454
          ],
          [
            -95.7556844499118,
            51.14767212151343
          ],
          [
            -95.50385287349593,
            51.19146761522824
          ],
          [
            -95.25180435131952,
            51.234164830837535
          ],
          [
            -94.99955568688914,
            51.27569344505966
          ],
          [
            -94.74712248821139,
            51.31598216624721
          ],
          [
            -94.49451950222947,
            51.3549590753703
          ],
          [
            -94.24176094223479,
            51.39255198434892
          ],
          [
            -93.98886080676952,
            51.42868880760405
          ],
          [
            -93.73583318877327,
            51.46329794275537
          ],
          [
            -93.48269257397011,
            51.496308656513435
          ],
          [
            -93.22945412773008,
            51.52765147199622
          ],
          [
            -92.97613396987543,
            51.55725855392919
          ],
          [
            -92.7227494371272,
            51.585064088457415
          ],
          [
            -92.469319333098,
            51.61100465459962
          ],
          [
            -92.21586416592989,
            51.635019584693694
          ],
          [
            -91.96240637384719,
            51.65705131151385
          ],
          [
            -91.70897053903595,
            51.67704570007315
          ],
          [
            -91.45558359037764,
            51.69495236244875
          ],
          [
            -91.2022749956442,
            51.71072495427837
          ],
          [
            -90.94907694380817,
            51.72432145186427
          ],
          [
            -90.69602451813005,
            51.73570440908201
          ],
          [
            -90.44315586065653,
            51.74484119352037
          ],
          [
            -90.19051232869518,
            51.7517042014734
          ],
          [
            -89.93813864372719,
            51.756271051562614
          ],
          [
            -89.68608303307825,
            51.758524756888264
          ],
          [
            -89.43439736449297,
            51.75845387569157
          ],
          [
            -89.18313727355398,
            51.75605264055936
          ],
          [
            -88.9323622836546,
            51.751321066218594
          ],
          [
            -88.68213591798121,
            51.744265035957184
          ],
          [
            -88.43252730778755,
            51.734896366671734
          ],
          [
            -88.1836079980518,
            51.72323285248884
          ],
          [
            -87.93545386067525,
            51.70929828683904
          ],
          [
            -87.68814499495281,
            51.69312207503346
          ],
          [
            -87.44176588047944,
            51.674739467066686
          ],
          [
            -87.19640615543634,
            51.65419331626779
          ],
          [
            -86.95215944510868,
            51.63153115250301
          ],
          [
            -86.70912384999139,
            51.60680628967568
          ],
          [
            -86.46740191353864,
            51.580077710915276
          ],
          [
            -86.22710032768371,
            51.55140936102239
          ],
          [
            -85.98833015368197,
            51.52087072978779
          ],
          [
            -85.75120686309444,
            51.48853705423327
          ],
          [
            -85.51585033416634,
            51.454489472470165
          ],
          [
            -85.28238338473615,
            51.41881170956163
          ],
          [
            -85.05093290363305,
            51.38159310717104
          ],
          [
            -84.8216290877753,
            51.34292715517943
          ],
          [
            -84.59460521326838,
            51.30291139167277
          ],
          [
            -84.36999730915699,
            51.26164715017232
          ],
          [
            -84.14794305183092,
            51.21923750966073
          ],
          [
            -83.92858227266439,
            51.17578922451089
          ],
          [
            -83.71205639751706,
            51.13141216057444
          ],
          [
            -83.49850734162601,
            51.08621749966859
          ],
          [
            -83.28807704670268,
            51.040317574620666
          ],
          [
            -83.0809070148506,
            50.99382577226737
          ],
          [
            -82.87713765711209,
            50.94685605860363
          ],
          [
            -82.67690761250606,
            50.89952249496522
          ],
          [
            -82.48035304247514,
            50.851938748319185
          ],
          [
            -82.28760690630624,
            50.804217598965266
          ],
          [
            -82.09879822367809,
            50.75647044914325
          ],
          [
            -81.91405133100989,
            50.7088068361934
          ],
          [
            -81.73348513871915,
            50.66133395402186
          ],
          [
            -81.55721239683966,
            50.61415618667972
          ],
          [
            -81.3853389766854,
            50.567374657867866
          ],
          [
            -81.21796313889016,
            50.52108670965387
          ],
          [
            -81.05517454908953,
            50.47538471885237
          ],
          [
            -80.89705484240615,
            50.4303585844018
          ],
          [
            -80.74367587458019,
            50.386092546995634
          ],
          [
            -80.59509943734254,
            50.34266544686893
          ],
          [
            -80.4513769035317,
            50.30015070198596
          ],
          [
            -80.31254871818255,
            50.25861579236245
          ],
          [
            -80.17864399088865,
            50.21812185618452
          ],
          [
            -80.04968125507605,
            50.17872596124726
          ],
          [
            -78.0,
            49.5
          ]
        ]
      }
    },
    {
      "type": "Feature",
      "id": 11,
      "properties": {
        "jet_id": 11,
        "area": 111.0
      },
      "geometry": {
        "type": "LineString",
        "coordinates": [
          [
            -33.0,
            56.25
          ],
          [
            -32.90986061719235,
            57.947128758149375
          ],
          [
            -32.8798439957221,
            58.04314469418707
          ],
          [
            -32.846364330228084,
            58.14167645937279
          ],
          [
            -32.809227113265884,
            58.242590649489074
          ],
          [
            -32.76824093844269,
            58.34574223124005
          ],
          [
            -32.723220555182365,
            58.450975204458445
          ],
          [
            -32.67398472300695,
            58.55812335136899
          ],
          [
            -32.62035891499887,
            58.6670110655394
          ],
          [
            -32.562176464151875,
            58.777454252230136
          ],
          [
            -32.49927966822059,
            58.88926129106677
          ],
          [
            -32.43152084113952,
            59.00223405131612
          ],
          [
            -32.358763299742954,
            59.116168949555544
          ],
          [
            -32.280882275366054,
            59.23085803919254
          ],
          [
            -32.197765740932745,
            59.34609012112048
          ],
          [
            -32.1093151453186,
            59.4616518647831
          ],
          [
            -32.015446048094574,
            59.577328929063
          ],
          [
            -31.916088649186598,
            59.692907072702056
          ],
          [
            -31.811188209498212,
            59.80817324438945
          ],
          [
            -31.700705360111225,
            59.922916643210286
          ],
          [
            -31.584616299271566,
            60.036929740814045
          ],
          [
            -31.462912877954174,
            60.15000925742682
          ],
          [
            -31.335602576351874,
            60.26195708467197
          ],
          [
            -31.20270837511894,
            60.37258114906858
          ],
          [
            -31.06426852659358,
            60.48169621102049
          ],
          [
            -30.92033623249817,
            60.589124595080335
          ],
          [
            -30.770979235750705,
            60.694696848248924
          ],
          [
            -30.616279334994214,
            60.79825232403665
          ],
          [
            -30.45633183124833,
            60.899639690955176
          ],
          [
            -30.291244916696005,
            60.99871736500832
          ],
          [
            -30.12113901603053,
            61.09535386660081
          ],
          [
            -29.946146091000323,
            61.18942810306916
          ],
          [
            -29.766408918800263,
            61.280829578753796
          ],
          [
            -29.582080354775385,
            61.36945853516871
          ],
          [
            -29.393322589530886,
            61.45522602437796
          ],
          [
            -29.200306409995857,
            61.538053919156724
          ],
          [
            -29.003210473280465,
            61.61787486389629
          ],
          [
            -28.802220601315927,
            61.694632170507326
          ],
          [
            -28.59752910329392,
            61.76827966378874
          ],
          [
            -28.389334131848408,
            61.83878148086045
          ],
          [
            -28.177839077773243,
            61.90611182931561
          ],
          [
            -27.963252006866078,
            61.97025470873557
          ],
          [
            -27.745785141259304,
            62.03120360013391
          ],
          [
            -27.525654386365627,
            62.08896112776554
          ],
          [
            -27.30307890335494,
            62.14353869755513
          ],
          [
            -27.078280725911437,
            62.19495611617843
          ],
          [
            -26.851484418919448,
            62.2432411945752
          ],
          [
            -26.62291677571163,
            62.288429339390674
          ],
          [
            -26.39280654960242,
            62.330563135544665
          ],
          [
            -26.161384214638172,
            62.36969192281464
          ],
          [
            -25.92888174983725,
            62.40587136900437
          ],
          [
            -25.695532440677407,
            62.43916304195432
          ],
          [
            -25.461570691222516,
            62.469633982341875
          ],
          [
            -25.227231840071248,
            62.497356278923675
          ],
          [
            -24.992751973256926,
            62.522406647592035
          ],
          [
            -24.75836772733173,
            62.54486601535857
          ],
          [
            -24.524316076123938,
            62.56481911014179
          ],
          [
            -24.290834095059164,
            62.5823540570263
          ],
          [
            -24.05815869747593,
            62.59756198148012
          ],
          [
            -23.8265263380316,
            62.61053661986541
          ],
          [
            -23.596172679073486,
            62.621373937456504
          ],
          [
            -23.367332216726187,
            62.6301717540908
          ],
          [
            -23.14023786440412,
            62.637029377516676
          ],
          [
            -22.915120492478486,
            62.642047244473964
          ],
          [
            -22.69220842389225,
            62.645326569539
          ],
          [
            -22.47172688660472,
            62.64696900178996
          ],
          [
            -22.25389742483874,
            62.6470762893936
          ],
          [
            -22.03893727217758,
            62.64574995228082
          ],
          [
            -21.827058690595994,
            62.64309096315985
          ],
          [
            -21.618468280489378,
            62.639199437210934
          ],
          [
            -21.413366267669556,
            62.63417433090818
          ],
          [
            -21.211945774106756,
            62.628113150521884
          ],
          [
            -21.014392079899444,
            62.62111167096043
          ],
          [
            -20.82088188453301,
            62.61326366571283
          ],
          [
            -20.631582575932608,
            62.604660648746155
          ],
          [
            -20.44665151611598,
            62.59539162929242
          ],
          [
            -20.266235352401537,
            62.58554288052285
          ],
          [
            -20.09046936312156,
            62.57519772315331
          ],
          [
            -19.919476846628903,
            62.56443632504552
          ],
          [
            -19.7533685620702,
            62.55333551786802
          ],
          [
            -19.592242229933078,
            62.54196863185253
          ],
          [
            -19.436182099768153,
            62.530405349628225
          ],
          [
            -19.285257511290318,
            62.51871049957827
          ],
          [
            -19.139525768568877,
            62.50694598207417
          ],
          [
            -18.99902918673427,
            62.49516996927217
          ],
          [
            -16.75,
            62.25
          ]
        ]
      }
    },
    {
      "type": "Feature",
      "id": 12,
      "properties": {
        "jet_id": 12,
        "area": 102.0
      },
      "geometry": {
        "type": "LineString",
        "coordinates": [
          [
            68.0,
            62.25
          ],
          [
            67.2534621621018,
            63.72302908571368
          ],
          [
            67.18591105828345,
            63.80227041373516
          ],
          [
            67.11401826275129,
            63.88326325668639
          ],
          [
            67.03766250280158,
            63.965882584148986
          ],
          [
            66.95673116683986,
            64.04999575127789
          ],
          [
            66.87112106463084,
            64.13546326489023
          ],
          [
            66.78073912993227,
            64.22213960711089
          ],
          [
            66.68550305805084,
            64.30987410759165
          ],
          [
            66.5853418717,
            64.39851185474184
          ],
          [
            66.48019640949519,
            64.48789463598511
          ],
          [
            66.37001973248299,
            64.57786189679554
          ],
          [
            66.25477744523785,
            64.668251708169
          ],
          [
            66.13444792926308,
            64.75890173225169
          ],
          [
            66.00902248767002,
            64.84965017607428
          ],
          [
            65.87850540136398,
            64.94033672371584
          ],
          [
            65.74291389821099,
            65.03080343774101
          ],
          [
            65.60227803787204,
            65.12089562139992
          ],
          [
            65.45664051614912,
            65.21046263383839
          ],
          [
            65.30605639376776,
            65.29935865141978
          ],
          [
            65.15059275550375,
            65.38744336918913
          ],
          [
            64.99032830642827,
            65.47458263749577
          ],
          [
            64.82535291278147,
            65.56064902981235
          ],
          [
            64.65576709557536,
            65.64552233882564
          ],
          [
            64.4816814854624,
            65.72908999890834
          ],
          [
            64.30321624768153,
            65.81124743409146
          ],
          [
            64.12050048600236,
            65.89189833162987
          ],
          [
            63.93367163453202,
            65.97095484216717
          ],
          [
            63.74287484603212,
            66.04833770835518
          ],
          [
            63.548262385017146,
            66.1239763245487
          ],
          [
            63.34999303338572,
            66.19780873087305
          ],
          [
            63.14823151567856,
            66.26978154554406
          ],
          [
            62.943147950280355,
            66.33984983979992
          ],
          [
            62.73491733200042,
            66.40797696018447
          ],
          [
            62.523719050499864,
            66.47413430319898
          ],
          [
            62.30973644799834,
            66.53830104751917
          ],
          [
            62.09315641861333,
            66.60046384906043
          ],
          [
            61.874169050580115,
            66.66061650417188
          ],
          [
            61.65296731149207,
            66.71875958616
          ],
          [
            61.42974677561034,
            66.77490006018962
          ],
          [
            61.20470539123989,
            66.82905088139842
          ],
          [
            60.97804328517392,
            66.88123058079694
          ],
          [
            60.749962600291624,
            66.9314628432229
          ],
          [
            60.52066736156841,
            66.97977608128483
          ],
          [
            60.29036336504206,
            67.02620300887693
          ],
          [
            60.059258083682465,
            67.07078021748308
          ],
          [
            59.82756058365036,
            67.11354775812333
          ],
          [
            59.59548144410698,
            67.15454873143676
          ],
          [
            59.36323267356193,
            67.1938288880495
          ],
          [
            59.131027615719454,
            67.23143624104942
          ],
          [
            58.899080837909395,
            67.26742069208623
          ],
          [
            58.66760799546163,
            67.30183367233816
          ],
          [
            58.43682566580145,
            67.33472779933918
          ],
          [
            58.20695114659897,
            67.36615655044255
          ],
          [
            57.97820221298777,
            67.39617395350818
          ],
          [
            57.750796829668595,
            67.4248342952421
          ],
          [
            57.52495281461428,
            67.4521918474849
          ],
          [
            57.300887452080076,
            67.47830061163786
          ],
          [
            57.07881705367997,
            67.50321408133044
          ],
          [
            56.85895646739492,
            67.52698502336555
          ],
          [
            56.641518535515374,
            67.54966527692653
          ],
          [
            56.42671350366341,
            67.57130557098834
          ],
          [
            56.21474838417269,
            67.59195535984131
          ],
          [
            56.005826278200594,
            67.61166267660623
          ],
          [
            55.80014566199087,
            67.63047400458959
          ],
          [
            55.597899643671475,
            67.64843416629665
          ],
          [
            55.399275197845476,
            67.66558622988467
          ],
          [
            55.204452385994514,
            67.68197143279546
          ],
          [
            55.01360357134675,
            67.69762912225862
          ],
          [
            54.82689263735473,
            67.71259671229772
          ],
          [
            54.64447421926742,
            67.72690965680731
          ],
          [
            54.46649295846238,
            67.74060143819429
          ],
          [
            54.2930827892175,
            67.75370357099771
          ],
          [
            54.12436626745045,
            67.76624561981534
          ],
          [
            53.96045395063481,
            67.77825523077664
          ],
          [
            53.801443837622905,
            67.78975817571184
          ],
          [
            53.64742087647103,
            67.80077840807733
          ],
          [
            53.49845654758678,
            67.81133812961288
          ],
          [
            53.35460852861225,
            67.82145786662585
          ],
          [
            53.215920446437465,
            67.83115655472791
          ],
          [
            51.0,
            68.0
          ]
        ]
      }
    },
    {
      "type": "Feature",
      "id": 13,
      "properties": {
        "jet_id": 13,
        "area": 346.0
      },
      "geometry": {
        "type": "LineString",
        "coordinates": [
          [
            -179.974559808675,
            63.64832546763553
          ],
          [
            -179.83956425223238,
            63.654758383154096
          ],
          [
            -179.70019857060026,
            63.66280994152205
          ],
          [
            -179.55655811560226,
            63.67261452204834
          ],
          [
            -179.40874975409466,
            63.68430713151887
          ],
          [
            -179.25689313566122,
            63.698023390940456
          ],
          [
            -179.10111913694968,
            63.7138983527439
          ],
          [
            -178.94156891349036,
            63.73206557382998
          ],
          [
            -178.77839272560786,
            63.75265583721987
          ],
          [
            -178.61174883010742,
            63.77579620920451
          ],
          [
            -178.44180289449855,
            63.80161051533016
          ],
          [
            -178.268725585154,
            63.830215543985794
          ],
          [
            -178.09269272338818,
            63.861723562887896
          ],
          [
            -177.9138823358937,
            63.8962374273702
          ],
          [
            -177.73247450653665,
            63.93385251650996
          ],
          [
            -177.54864974697932,
            63.974655132932675
          ],
          [
            -177.3625877984327,
            64.01872195768658
          ],
          [
            -177.17446643841075,
            64.06611950634786
          ],
          [
            -176.9844591851736,
            64.11690088859811
          ],
          [
            -176.79273538250968,
            64.17110825560246
          ],
          [
            -176.59945866748396,
            64.22877126240147
          ],
          [
            -176.40478595962392,
            64.28990668732152
          ],
          [
            -176.20886654661953,
            64.35451816363978
          ],
          [
            -176.01184127570244,
            64.42259602876965
          ],
          [
            -175.81384224873182,
            64.49411823728009
          ],
          [
            -175.61499146331718,
            64.5690485649836
          ],
          [
            -175.41540053608983,
            64.6473372514295
          ],
          [
            -175.21517084547523,
            64.72892247392484
          ],
          [
            -175.01439308521188,
            64.81373021325417
          ],
          [
            -174.8131471908768,
            64.90167483233246
          ],
          [
            -174.61150238911875,
            64.99265976421596
          ],
          [
            -174.40951736501034,
            65.08657830156065
          ],
          [
            -174.20724054132137,
            65.18331447808715
          ],
          [
            -174.00471046202983,
            65.2827440312037
          ],
          [
            -173.80195627103615,
            65.38473543367905
          ],
          [
            -173.59899827586008,
            65.4891509811702
          ],
          [
            -173.39584893202547,
            65.59584875908484
          ],
          [
            -173.1925129237577,
            65.7046823057588
          ],
          [
            -172.98898785391162,
            65.81550163976483
          ],
          [
            -172.78526564635246,
            65.92815591660265
          ],
          [
            -172.58133307096898,
            66.04249389310625
          ],
          [
            -172.37717256142358,
            66.1583650411289
          ],
          [
            -172.17276302979016,
            66.27562061283878
          ],
          [
            -171.96808066565092,
            66.39411464384852
          ],
          [
            -171.76309970789117,
            66.51370488139983
          ],
          [
            -171.55779317827196,
            66.63425362603347
          ],
          [
            -171.3521335668715,
            66.75562847657818
          ],
          [
            -171.14609346063503,
            66.87770296986068
          ],
          [
            -170.93964610754963,
            67.00035710825239
          ],
          [
            -170.73276591032365,
            67.12347776999258
          ],
          [
            -170.52542884489375,
            67.24695899913017
          ],
          [
            -170.31761280056193,
            67.37070217387958
          ],
          [
            -170.10929784006203,
            67.4946160541465
          ],
          [
            -169.90046637934162,
            67.61861671092004
          ],
          [
            -169.69110328829314,
            67.74262734211041
          ],
          [
            -169.48119591504957,
            67.86657798120191
          ],
          [
            -169.27073403776063,
            67.9904051067601
          ],
          [
            -169.05970974894657,
            68.11405116234914
          ],
          [
            -168.8481172785923,
            68.23746399775398
          ],
          [
            -168.63595276305156,
            68.36059624353729
          ],
          [
            -168.4232144305322,
            68.48340351424271
          ],
          [
            -168.20990122869173,
            68.60584624097719
          ],
          [
            -167.9960130465155,
            68.72788755873076
          ],
          [
            -167.78155057092482,
            68.84949201533168
          ],
          [
            -167.56651472404894,
            68.97062526874942
          ],
          [
            -167.3509062867703,
            69.09125334625783
          ],
          [
            -167.13472552917364,
            69.2113419328329
          ],
          [
            -166.91797185618236,
            69.33085570127476
          ],
          [
            -166.70064347608186,
            69.44975769554817
          ],
          [
            -166.48273709891538,
            69.56800877765802
          ],
          [
            -166.26424767091314,
            69.68556714703267
          ],
          [
            -166.0451681502021,
            69.80238793991163
          ],
          [
            -165.82548932805423,
            69.91842291465186
          ],
          [
            -165.60519969889836,
            70.03362022721183
          ],
          [
            -165.3842853812534,
            70.14792429937609
          ],
          [
            -165.16273018250712,
            70.26127555887557
          ],
          [
            -164.94051591272978,
            70.37360979671188
          ],
          [
            -164.71762124421235,
            70.48486124902043
          ],
          [
            -164.49402302053838,
            70.59495997014125
          ],
          [
            -164.26969613233965,
            70.70383285864645
          ],
          [
            -164.0446152047619,
            70.81140415405935
          ],
          [
            -163.8187515325689,
            70.91759588711068
          ],
          [
            -163.59207508235806,
            71.02232870779243
          ],
          [
            -163.36455478812115,
            71.12552246727117
          ],
          [
            -163.13616018732057,
            71.22709365754486
          ],
          [
            -162.90685962693195,
            71.32696120044311
          ],
          [
            -162.67662112198943,
            71.4250458755112
          ],
          [
            -162.445414292655,
            71.52126716088539
          ],
          [
            -162.21320914570077,
            71.61554768395868
          ],
          [
            -161.97997689737946,
            71.7078127109886
          ],
          [
            -161.74569034173402,
            71.79799067857093
          ],
          [
            -161.5103241739773,
            71.8860137569823
          ],
          [
            -161.2738554073816,
            71.9718180921902
          ],
          [
            -161.03626358151664,
            72.05534443936415
          ],
          [
            -160.7975304658939,
            72.13653988824726
          ],
          [
            -160.5576414127234,
            72.21535546944648
          ],
          [
            -160.31658457746207,
            72.29174876187398
          ],
          [
            -160.0743513734693,
            72.36568336844195
          ],
          [
            -159.83093657519228,
            72.4371290847772
          ],
          [
            -159.58633867590697,
            72.50606129739477
          ],
          [
            -159.34055950609078,
            72.57246201292378
          ],
          [
            -159.09360387171733,
            72.6363206896997
          ],
          [
            -158.84548031895525,
            72.69763220699551
          ],
          [
            -158.59620103828982,
            72.75639677735201
          ],
          [
            -158.34578129934027,
            72.8126208675011
          ],
          [
            -158.094239038103,
            72.86631763836495
          ],
          [
            -157.8415954298385,
            72.91750347406833
          ],
          [
            -157.58787476124058,
            72.96620079864356
          ],
          [
            -157.33310353954485,
            73.01243764105008
          ],
          [
            -157.0773110244716,
            73.05624447249629
          ],
          [
            -156.82052819900727,
            73.09765843126526
          ],
          [
            -156.5627878542968,
            73.1367177716257
          ],
          [
            -156.30412502839414,
            73.1734642520595
          ],
          [
            -156.0445755732061,
            73.20794149361707
          ],
          [
            -155.7841774825023,
            73.24019787537264
          ],
          [
            -155.52296882571804,
            73.27028205085385
          ],
          [
            -155.26098936226322,
            73.29824450264377
          ],
          [
            -154.99827915168026,
            73.32413718958352
          ],
          [
            -154.73487869692,
            73.34801282674489
          ],
          [
            -154.47082882049725,
            73.36992375198815
          ],
          [
            -154.2061703364336,
            73.38992365116154
          ],
          [
            -153.94094215766683,
            73.40806379816719
          ],
          [
            -153.6751858614858,
            73.42439803718065
          ],
          [
            -153.40894015240931,
            73.43897782689909
          ],
          [
            -153.14224494975733,
            73.45185457984941
          ],
          [
            -152.87513802059073,
            73.4630781461434
          ],
          [
            -152.60765742669832,
            73.47269772609435
          ],
          [
            -152.3398402227576,
            73.4807612501483
          ],
          [
            -152.0717222171285,
            73.48731521851543
          ],
          [
            -151.80333828159763,
            73.49240478707364
          ],
          [
            -151.53472261011837,
            73.49607443993155
          ],
          [
            -151.26590772961387,
            73.49836564124105
          ],
          [
            -150.99692535674686,
            73.49931893665585
          ],
          [
            -150.7278062170302,
            73.4989735439511
          ],
          [
            -150.45858020212003,
            73.49736775570746
          ],
          [
            -150.1892763848343,
            73.49453899558321
          ],
          [
            -149.91992172844513,
            73.4905207208998
          ],
          [
            -149.6505439819134,
            73.4853494312322
          ],
          [
            -149.38116835464567,
            73.47905666137123
          ],
          [
            -149.11182060457304,
            73.47167646106664
          ],
          [
            -148.8425249280906,
            73.46324033073282
          ],
          [
            -148.57330419256,
            73.45377781968382
          ],
          [
            -148.30418140608694,
            73.44332012013588
          ],
          [
            -148.0351788145179,
            73.4318979430891
          ],
          [
            -147.76631969600467,
            73.4195414333709
          ],
          [
            -147.4976253167858,
            73.40628088474752
          ],
          [
            -147.22911607706038,
            73.39214590185784
          ],
          [
            -146.9608128656154,
            73.37716874318022
          ],
          [
            -146.6927356254677,
            73.36138094022706
          ],
          [
            -146.42490453863448,
            73.34481624875404
          ],
          [
            -146.15733960655126,
            73.32750973464466
          ],
          [
            -145.89006016156299,
            73.3094966999216
          ],
          [
            -145.62308601439057,
            73.29081556303551
          ],
          [
            -145.35643710606848,
            73.27150713099707
          ],
          [
            -145.09013320131615,
            73.25161397111498
          ],
          [
            -144.82419388550156,
            73.23118051198763
          ],
          [
            -144.55863929021262,
            73.21025489610501
          ],
          [
            -144.2934896940161,
            73.18888860894675
          ],
          [
            -144.02876555570379,
            73.1671364599266
          ],
          [
            -143.76448900227652,
            73.14505738268271
          ],
          [
            -143.50068176934167,
            73.12271374034266
          ],
          [
            -143.23736614217225,
            73.10017184343157
          ],
          [
            -142.9745650229446,
            73.07750207077564
          ],
          [
            -142.71230174211382,
            73.05477884458288
          ],
          [
            -142.4506002394559,
            73.03208071410837
          ],
          [
            -142.1894865221235,
            73.00949091922675
          ],
          [
            -141.92898664157505,
            72.98709645879792
          ],
          [
            -141.66912764057884,
            72.96498833216062
          ],
          [
            -141.40993763609188,
            72.94326136222764
          ],
          [
            -141.15144601547965,
            72.92201422034502
          ],
          [
            -140.89368347289678,
            72.90134899068205
          ],
          [
            -140.6366815796425,
            72.8813695331698
          ],
          [
            -140.38047401337673,
            72.86218377416753
          ],
          [
            -140.12509524085294,
            72.84389977267408
          ],
          [
            -139.87058224631082,
            72.82662906438526
          ],
          [
            -139.6169733721936,
            72.81048296228604
          ],
          [
            -139.36430882690343,
            72.79557281427263
          ],
          [
            -139.11263073394787,
            72.78200909195283
          ],
          [
            -138.86198324203517,
            72.76990057236495
          ],
          [
            -138.61241359671143,
            72.75935579575274
          ],
          [
            -138.36397095212757,
            72.75047903261114
          ],
          [
            -138.11670703616443,
            72.74337070203268
          ],
          [
            -137.8706762818869,
            72.73812649171118
          ],
          [
            -137.62593595610858,
            72.73483647541406
          ],
          [
            -137.38254628304185,
            72.73358423850783
          ],
          [
            -137.14057024155204,
            72.73444525180871
          ],
          [
            -136.9000744412189,
            72.73748790333
          ],
          [
            -136.66112891910672,
            72.74277199542722
          ],
          [
            -136.42380676813656,
            72.75034692428662
          ],
          [
            -136.1881845009416,
            72.76025174176175
          ],
          [
            -135.95434209034812,
            72.77251456078794
          ],
          [
            -135.72236298600467,
            72.78715204443256
          ],
          [
            -135.49233410412995,
            72.80416898732189
          ],
          [
            -135.26434578741373,
            72.82355799714095
          ],
          [
            -135.03849173222443,
            72.84529928270501
          ],
          [
            -134.81486888046138,
            72.86936055376444
          ],
          [
            -134.59357727363528,
            72.89569703625551
          ],
          [
            -134.37471958338568,
            72.92425092028354
          ],
          [
            -134.15840150448471,
            72.9549531089471
          ],
          [
            -133.94473142076373,
            72.98772343249257
          ],
          [
            -133.73381947547983,
            73.02246964448194
          ],
          [
            -133.52577755898045,
            73.05908884855982
          ],
          [
            -133.32071890685347,
            73.09746819409297
          ],
          [
            -133.11875765560055,
            73.13748566866782
          ],
          [
            -132.92000835750372,
            73.17901097865037
          ],
          [
            -132.72458545704555,
            73.22190650777323
          ],
          [
            -132.53260273194158,
            73.26602834263615
          ],
          [
            -132.34417270253346,
            73.31122735310376
          ],
          [
            -132.15940601396022,
            73.35735031487766
          ],
          [
            -131.97841079616555,
            73.40424106101658
          ],
          [
            -131.80129200738247,
            73.45174164889052
          ],
          [
            -131.62815076726895,
            73.49969352898243
          ],
          [
            -131.45908368631342,
            73.54793870209322
          ],
          [
            -131.2941821985003,
            73.59632085186017
          ],
          [
            -131.13353190448714,
            73.64468644005186
          ],
          [
            -130.97721193270837,
            73.69288575284348
          ],
          [
            -130.82529432586657,
            73.74077388718725
          ],
          [
            -130.67784346019818,
            73.7882116674541
          ],
          [
            -130.53491550470957,
            73.8350664837122
          ],
          [
            -130.39655792726265,
            73.88121304430061
          ],
          [
            -130.26280905395606,
            73.92653403672634
          ],
          [
            -130.13369730915286,
            73.97092160623745
          ],
          [
            -130.00924191583482,
            74.01427536510587
          ],
          [
            -128.0,
            74.75
          ]
        ]
      }
    },
    {
      "type": "Feature",
      "id": 14,
      "properties": {
        "jet_id": 14,
        "area": 709.0
      },
      "geometry": {
        "type": "LineString",
        "coordinates": [
          [
            43.75,
            74.0
          ],
          [
            45.405048684795034,
            74.89067146100216
          ],
          [
            45.50787718229652,
            74.9508111567288
          ],
          [
            45.614699979865165,
            75.0132375078475
          ],
          [
            45.725528737362424,
            75.07789588179091
          ],
          [
            45.8403686690334,
            75.14472129556424
          ],
          [
            45.95921900740191,
            75.2136378854633
          ],
          [
            46.082073209255526,
            75.28455916695205
          ],
          [
            46.208919184250476,
            75.35738839624598
          ],
          [
            46.33973954167845,
            75.43201903147592
          ],
          [
            46.47451185092112,
            75.50833528989496
          ],
          [
            46.61320891119932,
            75.5862127962138
          ],
          [
            46.7557990263968,
            75.66551931582858
          ],
          [
            46.90224622452798,
            75.74611570179648
          ],
          [
            47.052510161336116,
            75.82785766713219
          ],
          [
            47.20654759576386,
            75.91059380761175
          ],
          [
            47.364311627891105,
            75.9941690546348
          ],
          [
            47.525752091589986,
            76.07842535185527
          ],
          [
            47.690815879009044,
            76.16320249194595
          ],
          [
            47.85944716137197,
            76.24833918423123
          ],
          [
            48.03158759503725,
            76.33367412456629
          ],
          [
            48.20717651257005,
            76.4190470554475
          ],
          [
            48.38615109904937,
            76.50429980459175
          ],
          [
            48.568446554264206,
            76.58927729065212
          ],
          [
            48.753996241832596,
            76.67382848534521
          ],
          [
            48.94273182659883,
            76.75780732202848
          ],
          [
            49.13458340192172,
            76.84107354167327
          ],
          [
            49.32947960865547,
            76.92349346820853
          ],
          [
            49.52734774774468,
            77.00494070634248
          ],
          [
            49.72811388840465,
            77.0852967561788
          ],
          [
            49.93170297384143,
            77.16445154021034
          ],
          [
            50.13803890040678,
            77.24230390228836
          ],
          [
            50.34704416930473,
            77.3187630487614
          ],
          [
            50.55864125231488,
            77.39374576504002
          ],
          [
            50.7727517434782,
            77.46717889465357
          ],
          [
            50.989296542170834,
            77.53899925010755
          ],
          [
            51.20819609079781,
            77.60915331854588
          ],
          [
            51.42937050408057,
            77.67759716096755
          ],
          [
            51.65273970472898,
            77.74429623320701
          ],
          [
            51.878223565363434,
            77.80922513440674
          ],
          [
            52.10574205626723,
            77.87236728936598
          ],
          [
            52.33521520722552,
            77.93371503292906
          ],
          [
            52.56656329390249,
            77.99326911056815
          ],
          [
            52.79970789574686,
            78.05103603801663
          ],
          [
            53.034570906606554,
            78.10703037115744
          ],
          [
            53.27107510670433,
            78.1612731783475
          ],
          [
            53.5091443229514,
            78.21379148238812
          ],
          [
            53.7487035864469,
            78.26461768867031
          ],
          [
            53.989679285589446,
            78.31378900653591
          ],
          [
            54.23199931325906,
            78.36134687049213
          ],
          [
            54.47559320659744,
            78.40733636744369
          ],
          [
            54.72039192187698,
            78.45180653536588
          ],
          [
            54.96632860876341,
            78.4948082417515
          ],
          [
            55.21333872893411,
            78.5363936392639
          ],
          [
            55.46135956732422,
            78.57661708366031
          ],
          [
            55.710330591769555,
            78.61553400086788
          ],
          [
            55.96019352378589,
            78.65320045005787
          ],
          [
            56.210892395550815,
            78.68967271977053
          ],
          [
            56.462373182115044,
            78.72500795027109
          ],
          [
            56.714584690380725,
            78.75926172345136
          ],
          [
            56.96747828877467,
            78.79248845401713
          ],
          [
            57.22100750959409,
            78.82474209130145
          ],
          [
            57.475127912842886,
            78.85607619371144
          ],
          [
            57.72979771122919,
            78.88654217014391
          ],
          [
            57.98497774895755,
            78.91618908665212
          ],
          [
            58.240630864910614,
            78.94506496506057
          ],
          [
            58.496722111781665,
            78.97321602137895
          ],
          [
            58.753218353854045,
            79.00068741101796
          ],
          [
            59.01008877056264,
            79.0275217944089
          ],
          [
            59.267304892207534,
            79.05375903964966
          ],
          [
            59.524839614617406,
            79.0794383980684
          ],
          [
            59.78266762640753,
            79.10459727765752
          ],
          [
            60.04076592787186,
            79.12926980370186
          ],
          [
            60.299112609293374,
            79.15348959015073
          ],
          [
            60.55768700982447,
            79.17728918674212
          ],
          [
            60.81647067088845,
            79.20069761681
          ],
          [
            61.07544602645836,
            79.22374338760739
          ],
          [
            61.3345965959797,
            79.24645388175799
          ],
          [
            61.593906632869874,
            79.26885607181838
          ],
          [
            61.853362170039276,
            79.29097387076716
          ],
          [
            62.112949822294006,
            79.31283090632746
          ],
          [
            62.37265641792672,
            79.33445130171145
          ],
          [
            62.63246921896394,
            79.35585757247978
          ],
          [
            62.89237689434557,
            79.37706997285476
          ],
          [
            63.15236857165247,
            79.39810936442146
          ],
          [
            63.412433999868156,
            79.41899645324195
          ],
          [
            63.67256322445952,
            79.43975171869155
          ],
          [
            63.932746637813224,
            79.46039524197613
          ],
          [
            64.19297511214323,
            79.4809463391375
          ],
          [
            64.45323906653236,
            79.50142577084912
          ],
          [
            64.71352930439348,
            79.5218536815277
          ],
          [
            64.97383645646069,
            79.54225090837122
          ],
          [
            65.23415146208227,
            79.56263778695563
          ],
          [
            65.49446496486685,
            79.5830355808966
          ],
          [
            65.75476840793888,
            79.60346476141754
          ],
          [
            66.01505229261731,
            79.62394714614159
          ],
          [
            66.27530672244148,
            79.64450510089208
          ],
          [
            66.53552252484543,
            79.66516109542818
          ],
          [
            66.79568900223582,
            79.68593864750306
          ],
          [
            67.05579678416758,
            79.70686190644216
          ],
          [
            67.31583457332623,
            79.72795551004657
          ],
          [
            67.57579306486616,
            79.74924319141749
          ],
          [
            67.83566109839713,
            79.77075036367583
          ],
          [
            68.0954279444762,
            79.79250328614293
          ],
          [
            68.35508258016678,
            79.81452826705222
          ],
          [
            68.61461369121018,
            79.83685146284012
          ],
          [
            68.87400988929426,
            79.85950036732413
          ],
          [
            69.13326022285894,
            79.88250141990909
          ],
          [
            69.39235370292856,
            79.90588115032924
          ],
          [
            69.65127857758408,
            79.92966793022674
          ],
          [
            69.91002364278457,
            79.9538888085492
          ],
          [
            70.16857794733255,
            79.97857022382614
          ],
          [
            70.42692934406976,
            80.00374150189172
          ],
          [
            70.68506674567993,
            80.0294294098953
          ],
          [
            70.9429793104382,
            80.05566012207612
          ],
          [
            71.20065616770573,
            80.08245988247774
          ],
          [
            71.45808675929551,
            80.10985418081856
          ],
          [
            71.71526100726952,
            80.13786734739324
          ],
          [
            71.97216836263411,
            80.1665248497253
          ],
          [
            72.22879908046887,
            80.19585021413364
          ],
          [
            72.48514387475825,
            80.22586585904308
          ],
          [
            72.7411939246558,
            80.25659307986065
          ],
          [
            72.9969409123476,
            80.28805195756568
          ],
          [
            73.25237697748229,
            80.32026146872492
          ],
          [
            73.5074948977808,
            80.35323904946242
          ],
          [
            73.76228823356637,
            80.38700024653328
          ],
          [
            74.01675126302467,
            80.42155887361908
          ],
          [
            74.2708790352066,
            80.45692688336842
          ],
          [
            74.5246675456259,
            80.49311394346627
          ],
          [
            74.77811380908041,
            80.53012726082825
          ],
          [
            75.0312149727864,
            80.56797372268343
          ],
          [
            75.28396963916553,
            80.60665670308443
          ],
          [
            75.53637740750403,
            80.64617716943992
          ],
          [
            75.78843889768964,
            80.68653362520848
          ],
          [
            76.04015578058863,
            80.72772203656197
          ],
          [
            76.2915308038456,
            80.76973577009983
          ],
          [
            76.54256781273757,
            80.81256554250186
          ],
          [
            76.79327176574175,
            80.85619938294525
          ],
          [
            77.04364874450687,
            80.90062260903112
          ],
          [
            77.29370595795919,
            80.94581781687192
          ],
          [
            77.5434520625109,
            80.99176410803992
          ],
          [
            77.79289637229884,
            81.03843899621964
          ],
          [
            78.04204916190724,
            81.08581767637064
          ],
          [
            78.29092208296944,
            81.1338720189614
          ],
          [
            78.53952783821471,
            81.18257135689085
          ],
          [
            78.78787986676745,
            81.23188324524257
          ],
          [
            79.0359926746859,
            81.28177266329406
          ],
          [
            79.28388220108548,
            81.33220113061653
          ],
          [
            79.53156492378737,
            81.38312886623069
          ],
          [
            79.77905816447314,
            81.43451405189808
          ],
          [
            80.02638037230001,
            81.48631214741302
          ],
          [
            80.27354988362387,
            81.53847888489642
          ],
          [
            80.52058593414763,
            81.59096782525341
          ],
          [
            80.76750842906314,
            81.64373091310001
          ],
          [
            81.01433773073617,
            81.69671898933649
          ],
          [
            81.26109457765502,
            81.74988198682323
          ],
          [
            81.50779951825106,
            81.80316796440275
          ],
          [
            81.75447395993463,
            81.85652604683898
          ],
          [
            82.00113905502444,
            81.9099058541361
          ],
          [
            82.2478161080339,
            81.96325578415856
          ],
          [
            82.49452668321508,
            82.01652357712192
          ],
          [
            82.74129192564237,
            82.06965794977391
          ],
          [
            82.98813275506501,
            82.12260812188512
          ],
          [
            83.23507006628265,
            82.17532332629422
          ],
          [
            83.48212403796298,
            82.22775447060803
          ],
          [
            83.72931410805577,
            82.27985418877904
          ],
          [
            83.9766595260269,
            82.33157549924387
          ],
          [
            84.22417845442475,
            82.38287163672646
          ],
          [
            84.4718890342535,
            82.43369892242112
          ],
          [
            84.71980865595359,
            82.48401528028496
          ],
          [
            84.96795335904376,
            82.53378092180945
          ],
          [
            85.2163387327125,
            82.58295698648462
          ],
          [
            85.46497969816714,
            82.63150604758016
          ],
          [
            85.71388999429682,
            82.67939333246053
          ],
          [
            85.96308243389235,
            82.72658608084774
          ],
          [
            86.2125687832906,
            82.7730520211589
          ],
          [
            86.46235931618355,
            82.81876383873966
          ],
          [
            86.7124638429775,
            82.86369632919181
          ],
          [
            86.96289093187436,
            82.90782565483092
          ],
          [
            87.21364804611507,
            82.95113025038076
          ],
          [
            87.46474153106725,
            82.99359081629603
          ],
          [
            87.71617660493096,
            83.03519030150365
          ],
          [
            87.96795735290749,
            83.07591387612003
          ],
          [
            88.22008672468404,
            83.11574889473331
          ],
          [
            88.47256653510222,
            83.15468485085869
          ],
          [
            88.72539746789575,
            83.1927133231878
          ],
          [
            88.97857908240768,
            83.22982791425814
          ],
          [
            89.23210982322234,
            83.26602418216616
          ],
          [
            89.48598703267727,
            83.30129956594301
          ],
          [
            89.74020696624923,
            83.3356533052
          ],
          [
            89.99476481084088,
            83.36908635464155
          ],
          [
            90.2496544395475,
            83.40160065070182
          ],
          [
            90.50486877152166,
            83.43319972512707
          ],
          [
            90.76040065409846,
            83.46388891763239
          ],
          [
            91.01624081527697,
            83.49367597929312
          ],
          [
            91.27237931983225,
            83.52256921675118
          ],
          [
            91.52880546952711,
            83.55057771510953
          ],
          [
            91.78550770377231,
            83.57771156693909
          ],
          [
            92.04247364417054,
            83.60398176199242
          ],
          [
            92.29969014291036,
            83.6294000765606
          ],
          [
            92.5571433351386,
            83.65397896299443
          ],
          [
            92.8148186954158,
            83.67773143992387
          ],
          [
            93.07270125455398,
            83.70067060655515
          ],
          [
            93.33077557733513,
            83.72280974616994
          ],
          [
            93.58902505590346,
            83.74416409419314
          ],
          [
            93.84743309895579,
            83.76474761367356
          ],
          [
            94.1059824273469,
            83.78457343203364
          ],
          [
            94.36465631129127,
            83.80365653726537
          ],
          [
            94.62343757043087,
            83.82201106986591
          ],
          [
            94.88230889010318,
            83.83965079038673
          ],
          [
            95.1412529742688,
            83.85658915219231
          ],
          [
            95.4002526373144,
            83.8728392278727
          ],
          [
            95.6592911886935,
            83.88841293953801
          ],
          [
            95.91835169523102,
            83.90332300853593
          ],
          [
            96.17741716356448,
            83.9175826924423
          ],
          [
            96.43647168373727,
            83.9312032089399
          ],
          [
            96.69549989887666,
            83.94419520665183
          ],
          [
            96.95448709247032,
            83.95656874902494
          ],
          [
            97.21341906738678,
            83.96833330893945
          ],
          [
            97.47228058661378,
            83.97949696333308
          ],
          [
            97.731058602939,
            83.99006843536607
          ],
          [
            97.98974080354479,
            84.00005613816853
          ],
          [
            98.24831602339013,
            84.00946731084741
          ],
          [
            98.50677428145265,
            84.01830804839298
          ],
          [
            98.76510614764419,
            84.02658492761636
          ],
          [
            99.02330285118448,
            84.03430481986663
          ],
          [
            99.28135685084419,
            84.04147356218878
          ],
          [
            99.53926146599586,
            84.04809686607949
          ],
          [
            99.79701110232153,
            84.05417975755662
          ],
          [
            100.05460060005105,
            84.05972809941552
          ],
          [
            100.3120251507729,
            84.06474870159744
          ],
          [
            100.56928104311297,
            84.06924738840254
          ],
          [
            100.8263649073659,
            84.07323064480576
          ],
          [
            101.08327306770335,
            84.07670695589181
          ],
          [
            101.3400024933487,
            84.07968423672934
          ],
          [
            101.59655018414243,
            84.08217099079992
          ],
          [
            101.8529120037159,
            84.08417874934884
          ],
          [
            102.10908370168141,
            84.0857191721807
          ],
          [
            102.3650606739721,
            84.08680539683206
          ],
          [
            102.62083733183425,
            84.08745161719857
          ],
          [
            102.87640477489514,
            84.0876753061877
          ],
          [
            103.13175281417202,
            84.08749428891102
          ],
          [
            103.38686988497524,
            84.0869283866852
          ],
          [
            103.64174096097656,
            84.08600182169995
          ],
          [
            103.89634817115237,
            84.08474090931036
          ],
          [
            104.15067064567148,
            84.08317356317481
          ],
          [
            104.4046832424813,
            84.08133278730655
          ],
          [
            104.65835627475616,
            84.07925469770208
          ],
          [
            104.91165485730254,
            84.07697696966822
          ],
          [
            105.16453901745616,
            84.07454171120395
          ],
          [
            105.41696319371944,
            84.0719939791584
          ],
          [
            105.66887486708875,
            84.06938401815442
          ],
          [
            105.92021450338162,
            84.06676632226393
          ],
          [
            106.17091566726083,
            84.06419827785656
          ],
          [
            106.420903711717,
            84.06174224988165
          ],
          [
            106.6700952526356,
            84.05946578633846
          ],
          [
            106.918398412392,
            84.05743998961333
          ],
          [
            107.165712025744,
            84.05574042703077
          ],
          [
            107.41192524523187,
            84.05444712195121
          ],
          [
            107.65691718474322,
            84.05364450931465
          ],
          [
            107.90055691838037,
            84.05342060193306
          ],
          [
            108.1427024853373,
            84.05386863724196
          ],
          [
            108.38320092854656,
            84.05508632147651
          ],
          [
            108.62188864442896,
            84.05717442839658
          ],
          [
            108.85859126498735,
            84.060236645
          ],
          [
            109.09312311960836,
            84.06438056195798
          ],
          [
            109.32528726331255,
            84.06971743820554
          ],
          [
            109.55487634935173,
            84.07636007978712
          ],
          [
            109.78167252299613,
            84.08442324462483
          ],
          [
            110.00544777769727,
            84.0940231030348
          ],
          [
            110.22596440790984,
            84.10527664483322
          ],
          [
            110.44297556053017,
            84.11830103481024
          ],
          [
            110.65622588589784,
            84.1332129191698
          ],
          [
            110.86545265835629,
            84.15012679277876
          ],
          [
            111.07038564263085,
            84.16915658983969
          ],
          [
            111.27074867103397,
            84.1904133388534
          ],
          [
            111.46626089533675,
            84.2140037944235
          ],
          [
            111.6566376695029,
            84.24003014617466
          ],
          [
            111.84159175298433,
            84.26858913187672
          ],
          [
            112.02083458664012,
            84.2997711431589
          ],
          [
            112.19407763243017,
            84.33365933264498
          ],
          [
            112.36103376688416,
            84.37032873184971
          ],
          [
            112.52141871728313,
            84.40984538957845
          ],
          [
            112.67495263299566,
            84.45226528868464
          ],
          [
            112.82136166842926,
            84.49763331864548
          ],
          [
            112.96037848714275,
            84.54598491417283
          ],
          [
            113.09174497886008,
            84.59734238920635
          ],
          [
            113.21521329589308,
            84.6517153413065
          ],
          [
            113.33054723291214,
            84.70910021483212
          ],
          [
            113.43752359273093,
            84.76947985984299
          ],
          [
            113.53593348578245,
            84.83282318732334
          ],
          [
            113.62558354992682,
            84.89908492763847
          ],
          [
            113.70629737348878,
            84.96820621154414
          ],
          [
            113.77791622403659,
            85.04011321535287
          ],
          [
            113.8402997894051,
            85.11471604682882
          ],
          [
            113.89332666608621,
            85.1919135136531
          ],
          [
            113.93689765160268,
            85.2715898681483
          ],
          [
            113.97093272521292,
            85.35361607381377
          ],
          [
            113.99537287635144,
            85.43785045308562
          ],
          [
            114.01018034929622,
            85.52413937594497
          ],
          [
            114.01533874387982,
            85.61231805690694
          ],
          [
            114.01085297319104,
            85.70221145387445
          ],
          [
            113.99674908098294,
            85.79363526102247
          ],
          [
            113.97307392321487,
            85.88639698665503
          ],
          [
            113.93989471978487,
            85.98029710586835
          ],
          [
            113.89729848402791,
            86.07513027688033
          ],
          [
            113.84539156892919,
            86.17068605380477
          ],
          [
            113.78429848451829,
            86.26675114912561
          ],
          [
            113.71416072931736,
            86.36311146640583
          ],
          [
            113.63513669570307,
            86.45955136026156
          ],
          [
            113.54740023313337,
            86.55585597367963
          ],
          [
            113.45113956915203,
            86.6518125670951
          ],
          [
            113.3465561899077,
            86.74721181992511
          ],
          [
            113.23386369365281,
            86.84184909175261
          ],
          [
            113.11328663051967,
            86.93552563096114
          ],
          [
            112.9850593415041,
            87.02804971938585
          ],
          [
            112.84942480904388,
            87.11923774245886
          ],
          [
            112.70663392594517,
            87.20891612916651
          ],
          [
            112.55694331684404,
            87.29691962289485
          ],
          [
            112.40061537669536,
            87.38309330233834
          ],
          [
            112.23791673217913,
            87.46729506845676
          ],
          [
            112.06911719792143,
            87.5493954756539
          ],
          [
            111.89448949804309,
            87.62927677628585
          ],
          [
            111.71430813088963,
            87.70683409226382
          ],
          [
            111.52884864822022,
            87.78197565351721
          ],
          [
            111.33838701215429,
            87.85462292329369
          ],
          [
            111.14319903106991,
            87.92471061272835
          ],
          [
            110.94355987440427,
            87.99218658833173
          ],
          [
            110.73974405930625,
            88.05701262883785
          ],
          [
            110.53202403561767,
            88.11916151983557
          ],
          [
            110.32067071700516,
            88.17861858348893
          ],
          [
            110.10595371146563,
            88.23538069927692
          ],
          [
            109.88814021427906,
            88.28945710804692
          ],
          [
            109.66749522732505,
            88.34086810244618
          ],
          [
            109.44428198962918,
            88.38964327066722
          ],
          [
            109.21876169274918,
            88.43582152204215
          ],
          [
            108.99119383748584,
            88.47945107386744
          ],
          [
            108.76183561326998,
            88.52058698522919
          ],
          [
            108.53094218886292,
            88.5592908260337
          ],
          [
            108.29876734906759,
            88.59563114502774
          ],
          [
            108.06556328594755,
            88.6296818883437
          ],
          [
            107.8315807071406,
            88.66152160255322
          ],
          [
            107.59706893118899,
            88.69123265143944
          ],
          [
            107.36227596256454,
            88.7189004534101
          ],
          [
            107.1274485395196,
            88.74461274579822
          ],
          [
            106.89283214844531,
            88.76845888157844
          ],
          [
            106.65867099905469,
            88.79052916328185
          ],
          [
            106.42520795542411,
            88.81091421812994
          ],
          [
            106.19268441871593,
            88.82970441764452
          ],
          [
            105.96134015825962,
            88.84698934423447
          ],
          [
            105.73141308857677,
            88.86285730652469
          ],
          [
            105.50313899088931,
            88.87739490448584
          ],
          [
            105.27675139653401,
            88.89068717080848
          ],
          [
            105.05248085190509,
            88.90281640299855
          ],
          [
            104.83055410514491,
            88.91386098585737
          ],
          [
            104.6111945307519,
            88.92389737436265
          ],
          [
            104.39462116058222,
            88.93299887354654
          ],
          [
            104.18104809796883,
            88.94123549172063
          ],
          [
            103.97068389387478,
            88.94867383491031
          ],
          [
            103.76373089132953,
            88.95537703973352
          ],
          [
            103.56038454515172,
            88.96140474174663
          ],
          [
            103.36083272462652,
            88.96681307612747
          ],
          [
            103.16525500736134,
            88.97165470746869
          ],
          [
            102.97382197298188,
            88.97597888541122
          ],
          [
            102.78669450563957,
            88.97983152285252
          ],
          [
            102.60402311447656,
            88.98325529351395
          ],
          [
            102.42594735381167,
            88.98628992098116
          ],
          [
            102.2525954065699,
            88.98897278768914
          ],
          [
            102.08408245150355,
            88.9913365094566
          ],
          [
            101.92051132023025,
            88.99341191690908
          ],
          [
            101.76197172957995,
            88.9952274547317
          ],
          [
            101.6085398165662,
            88.99680914925052
          ],
          [
            101.46027782551269,
            88.99818076361957
          ],
          [
            101.31723387543074,
            88.99936395197044
          ],
          [
            101.1794419595179,
            89.0003780551367
          ],
          [
            99.0,
            89.0
          ]
        ]
      }
    }
  ]
}