{
  "type": "FeatureCollection",
  "features": [
    {
      "type": "Feature",
      "id": 1,
      "properties": {
        "jet_id": 1,
        "area": 637.0
      },
      "geometry": {
        "type": "LineString",
        "coordinates": [
          [
            -32.5,
            -87.0
          ],
          [
            -34.64294289520212,
            -86.36016987882553
          ],
          [
            -34.76860896344984,
            -86.3062228940222
          ],
          [
            -34.89804182477288,
            -86.24897937767366
          ],
          [
            -35.031100161138816,
            -86.18835326712531
          ],
          [
            -35.167625515895296,
            -86.12426386288546
          ],
          [
            -35.30744094689312,
            -86.05664027090533
          ],
          [
            -35.45035301932495,
            -85.98541796263596
          ],
          [
            -35.5961504182677,
            -85.91054366092222
          ],
          [
            -35.744606163094026,
            -85.8319716789172
          ],
          [
            -35.89547641657273,
            -85.74966861196548
          ],
          [
            -36.04850267018691,
            -85.66360999339891
          ],
          [
            -36.20341100310129,
            -85.57378411325905
          ],
          [
            -36.35991400887277,
            -85.48018947848807
          ],
          [
            -36.517710595311236,
            -85.38283747457774
          ],
          [
            -36.67648759000901,
            -85.28175072076203
          ],
          [
            -36.83592007510941,
            -85.17696453337554
          ],
          [
            -36.995672656060265,
            -85.06852616371644
          ],
          [
            -37.15540052022108,
            -84.95649456336763
          ],
          [
            -37.314750006396075,
            -84.84094134289077
          ],
          [
            -37.473359625682384,
            -84.72195064784538
          ],
          [
            -37.630862127709385,
            -84.59961651378882
          ],
          [
            -37.78688459342053,
            -84.47404498577286
          ],
          [
            -37.941049491095086,
            -84.34535391116924
          ],
          [
            -38.092976529352526,
            -84.21367080687483
          ],
          [
            -38.24228372207056,
            -84.07913262799232
          ],
          [
            -38.38858852990884,
            -83.9418853512393
          ],
          [
            -38.53150912534371,
            -83.80208326071539
          ],
          [
            -38.67066568114862,
            -83.6598881781856
          ],
          [
            -38.80568167975708,
            -83.51546864402174
          ],
          [
            -38.93618524038529,
            -83.36899905533298
          ],
          [
            -39.061810983711126,
            -83.2206575041263
          ],
          [
            -39.182200096241125,
            -83.07062795583802
          ],
          [
            -39.297002577961315,
            -82.91909714549189
          ],
          [
            -39.4058786088351,
            -82.76625358232246
          ],
          [
            -39.50849975500394,
            -82.61228691323896
          ],
          [
            -39.60455029687669,
            -82.45738695256587
          ],
          [
            -39.69372879154066,
            -82.30174209338773
          ],
          [
            -39.77574905316134,
            -82.14553905625456
          ],
          [
            -39.850340848018575,
            -81.9889632424141
          ],
          [
            -39.9172519810753,
            -81.83219562515247
          ],
          [
            -39.97624904637866,
            -81.6754127454098
          ],
          [
            -40.02711845577093,
            -81.51878589419805
          ],
          [
            -40.06966738065524,
            -81.36248034355475
          ],
          [
            -40.10372459621914,
            -81.2066546316876
          ],
          [
            -40.12914121794342,
            -81.05145990753243
          ],
          [
            -40.1457913208529,
            -80.89703933947649
          ],
          [
            -40.15357243279718,
            -80.74352759248916
          ],
          [
            -40.1524058940756,
            -80.5910503773565
          ],
          [
            -40.1422370769256,
            -80.4397240751349
          ],
          [
            -40.12303545976216,
            -80.28965543932627
          ],
          [
            -40.09479455256286,
            -80.14094137763391
          ],
          [
            -40.05753167141504,
            -79.99366881448897
          ],
          [
            -40.0112875619467,
            -79.84791463484575
          ],
          [
            -39.95612587312176,
            -79.70374570903367
          ],
          [
            -39.892132484659456,
            -79.56121899773235
          ],
          [
            -39.819414693103035,
            -79.42038173540708
          ],
          [
            -39.73810026328225,
            -79.28127168981351
          ],
          [
            -39.648336353553326,
            -79.14391749446052
          ],
          [
            -39.550288324730246,
            -79.00833905021531
          ],
          [
            -39.44413844401289,
            -78.8745479915541
          ],
          [
            -39.33008449644534,
            -78.74254821231575
          ],
          [
            -39.20833831748229,
            -78.61233644520942
          ],
          [
            -39.0791242610821,
            -78.483902888773
          ],
          [
            -38.94267761837189,
            -78.35723187498544
          ],
          [
            -38.799243100445516,
            -78.23230280717334
          ],
          [
            -38.64907349341366,
            -78.10909158394074
          ],
          [
            -38.492426749884785,
            -77.98756827303814
          ],
          [
            -38.32956565474992,
            -77.86770097991565
          ],
          [
            -38.160755857149425,
            -77.74945570777095
          ],
          [
            -37.98626428898213,
            -77.63279704444217
          ],
          [
            -37.80635766556327,
            -77.51768890123486
          ],
          [
            -37.621301053404004,
            -77.40409523004277
          ],
          [
            -37.43135698323105,
            -77.29198183879596
          ],
          [
            -37.23678311156447,
            -77.18131445405967
          ],
          [
            -37.03783163960308,
            -77.07206075042934
          ],
          [
            -36.83474845439842,
            -76.96419141082745
          ],
          [
            -36.62777204794792,
            -76.85768033329492
          ],
          [
            -36.41713306889671,
            -76.75250603328102
          ],
          [
            -36.203052262038895,
            -76.6486488119309
          ],
          [
            -35.985742989815925,
            -76.54609401061379
          ],
          [
            -35.76540705371615,
            -76.44483160771449
          ],
          [
            -35.54223427136537,
            -76.34485626469728
          ],
          [
            -35.316405650675684,
            -76.24616744420474
          ],
          [
            -35.08809134353942,
            -76.14876945954254
          ],
          [
            -34.857450621297666,
            -76.05267145687826
          ],
          [
            -34.624631949652084,
            -75.95788733230589
          ],
          [
            -34.38977315696677,
            -75.86443558670862
          ],
          [
            -34.15300168928383,
            -75.77233912207586
          ],
          [
            -33.914434944885414,
            -75.68162498358788
          ],
          [
            -33.67418068087689,
            -75.59232405236259
          ],
          [
            -33.432337484034555,
            -75.50447069425566
          ],
          [
            -33.188995298051914,
            -75.41810237051111
          ],
          [
            -32.9442363000861,
            -75.33325994248196
          ],
          [
            -32.698134825463285,
            -75.24998555423134
          ],
          [
            -32.45075819370787,
            -75.1683225916251
          ],
          [
            -32.20216792100034,
            -75.08831649885653
          ],
          [
            -31.952420458890515,
            -75.01001439883841
          ],
          [
            -31.70156718733604,
            -74.93346288288217
          ],
          [
            -31.449655379524035,
            -74.85870813653725
          ],
          [
            -31.1967290249118,
            -74.78579573226301
          ],
          [
            -30.942829537680826,
            -74.71477017201288
          ],
          [
            -30.68799645667999,
            -74.64567445154024
          ],
          [
            -30.432268132743808,
            -74.57854965046548
          ],
          [
            -30.175682399765975,
            -74.51343455158128
          ],
          [
            -29.9182772263787,
            -74.45036529228172
          ],
          [
            -29.660091345525974,
            -74.38937505038896
          ],
          [
            -29.401164859617886,
            -74.3304937660348
          ],
          [
            -29.141539819306743,
            -74.27374790064044
          ],
          [
            -28.88126077423092,
            -74.21916023344271
          ],
          [
            -28.62037529432531,
            -74.16674969544457
          ],
          [
            -28.358934460497434,
            -74.116531240135
          ],
          [
            -28.096993323614786,
            -74.06851574983475
          ],
          [
            -27.83461133084443,
            -74.0227099760891
          ],
          [
            -27.571852718431664,
            -73.9791165121509
          ],
          [
            -27.308786870006116,
            -73.93773379528307
          ],
          [
            -27.045488639465194,
            -73.8985561363602
          ],
          [
            -26.782038637413585,
            -73.86157377406933
          ],
          [
            -26.518523480039427,
            -73.82677295089515
          ],
          [
            -26.25503599919371,
            -73.79413600802897
          ],
          [
            -25.991675412314056,
            -73.76364149635653
          ],
          [
            -25.72854745071144,
            -73.73526430075556
          ],
          [
            -25.465764444623137,
            -73.70897577506473
          ],
          [
            -25.20344536334122,
            -73.68474388526299
          ],
          [
            -24.941715808659048,
            -73.66253335861776
          ],
          [
            -24.680707959849688,
            -73.6423058368131
          ],
          [
            -24.420560468406887,
            -73.62402003134595
          ],
          [
            -24.161418300849338,
            -73.60763187977373
          ],
          [
            -23.9034325280184,
            -73.59309470169852
          ],
          [
            -23.646760059492635,
            -73.58035935367585
          ],
          [
            -23.39156385447845,
            -73.56937460308913
          ],
          [
            -23.138012629907458,
            -73.56008675742606
          ],
          [
            -22.886278364092878,
            -73.55244016199937
          ],
          [
            -22.636537136835805,
            -73.54637737419549
          ],
          [
            -22.388969576515045,
            -73.54183864841504
          ],
          [
            -22.14375875832495,
            -73.53876292224345
          ],
          [
            -21.901089744279737,
            -73.53708881713914
          ],
          [
            -21.661149663425203,
            -73.53675286325499
          ],
          [
            -21.424127034094134,
            -73.53768944387434
          ],
          [
            -21.190209981813002,
            -73.53983330570794
          ],
          [
            -20.959585643083333,
            -73.54311911772069
          ],
          [
            -20.73244048446661,
            -73.54747874517147
          ],
          [
            -20.508957924034924,
            -73.55284497633852
          ],
          [
            -20.289317718059003,
            -73.55915094414543
          ],
          [
            -20.073696187044693,
            -73.56632749582137
          ],
          [
            -19.86226377213386,
            -73.57430700097537
          ],
          [
            -19.655184469829464,
            -73.58302263815739
          ],
          [
            -19.45261603492389,
            -73.59240586041938
          ],
          [
            -19.254707545810206,
            -73.602390283048
          ],
          [
            -19.061598967765363,
            -73.61291082302611
          ],
          [
            -18.873421397545723,
            -73.62390128953845
          ],
          [
            -18.690294740500978,
            -73.63529828887772
          ],
          [
            -18.51232747251983,
            -73.64704023129153
          ],
          [
            -18.339616984355768,
            -73.65906508507406
          ],
          [
            -18.172247615671445,
            -73.67131387802212
          ],
          [
            -18.010290496123243,
            -73.68373002106082
          ],
          [
            -17.853803335058995,
            -73.6962589536104
          ],
          [
            -17.702830645928746,
            -73.70884694788617
          ],
          [
            -17.557402245652764,
            -73.72144429461147
          ],
          [
            -15.25,
            -74.0
          ]
        ]
      }
    },
    {
      "type": "Feature",
      "id": 2,
      "properties": {
        "jet_id": 2,
        "area": 111.0
      },
      "geometry": {
        "type": "LineString",
        "coordinates": [
          [
            -172.75,
            -63.75
          ],
          [
            -174.9998610177027,
            -63.92674706497311
          ],
          [
            -175.1400518778879,
            -63.93775128696833
          ],
          [
            -175.28545334835326,
            -63.94913498154834
          ],
          [
            -175.43602827424175,
            -63.9608811046575
          ],
          [
            -175.591726610971,
            -63.972968836337984
          ],
          [
            -175.75248507751598,
            -63.985373088400294
          ],
          [
            -175.9182290083597,
            -63.99806490278584
          ],
          [
            -176.08887244158083,
            -64.0110111047985
          ],
          [
            -176.26431780322008,
            -64.02417378042146
          ],
          [
            -176.44445645067754,
            -64.03751010680772
          ],
          [
            -176.6291717141353,
            -64.05097322097008
          ],
          [
            -176.81833584309456,
            -64.06451246728918
          ],
          [
            -177.0118140103861,
            -64.07807131886072
          ],
          [
            -177.2094640365353,
            -64.09158848055966
          ],
          [
            -177.4111372284962,
            -64.10499793392204
          ],
          [
            -177.6166792278506,
            -64.11822901992736
          ],
          [
            -177.82593085874123,
            -64.13120656027986
          ],
          [
            -178.038728966116,
            -64.14385101729702
          ],
          [
            -178.2549072352983,
            -64.15607869201054
          ],
          [
            -178.4742969844604,
            -64.16780195958569
          ],
          [
            -178.69672792224372,
            -64.1789295406746
          ],
          [
            -178.9220288635303,
            -64.18936680685319
          ],
          [
            -179.15002839720717,
            -64.19901611785927
          ],
          [
            -179.38055550066014,
            -64.20777718796211
          ],
          [
            -179.61344009667096,
            -64.21554747845877
          ],
          [
            -179.84851354935205,
            -64.22222261302129
          ]
        ]
      }
    },
    {
      "type": "Feature",
      "id": 3,
      "properties": {
        "jet_id": 3,
        "area": 350.0
      },
      "geometry": {
        "type": "LineString",
        "coordinates": [
          [
            179.95443374388077,
            -64.24976863304447
          ],
          [
            179.71551797685842,
            -64.25725839122244
          ],
          [
            179.47469849058484,
            -64.26373394637454
          ],
          [
            179.2321075873116,
            -64.26912717289161
          ],
          [
            178.98787220303623,
            -64.27337310907372
          ],
          [
            178.74211366676826,
            -64.27641041293849
          ],
          [
            178.49494798053405,
            -64.27818067578693
          ],
          [
            178.24648431674473,
            -64.27863214302903
          ],
          [
            177.99682600633648,
            -64.27771751325155
          ],
          [
            177.7460703506665,
            -64.27539465590851
          ],
          [
            177.49430864876493,
            -64.27162687523173
          ],
          [
            177.24162644394337,
            -64.26638269794789
          ],
          [
            176.98810241633498,
            -64.2596389709281
          ],
          [
            176.73380978500128,
            -64.25137792914451
          ],
          [
            176.47881605188633,
            -64.24158828441234
          ],
          [
            176.22318316467363,
            -64.23026530999947
          ],
          [
            175.96696800479748,
            -64.2174101379482
          ],
          [
            175.71022221603607,
            -64.20303063765981
          ],
          [
            175.4529920618989,
            -64.18714220696295
          ],
          [
            175.19531949924522,
            -64.16976560283763
          ],
          [
            174.9372421083275,
            -64.15092750394636
          ],
          [
            174.67879336192777,
            -64.13066022174289
          ],
          [
            174.42000289900437,
            -64.10900136529816
          ],
          [
            174.16089731073404,
            -64.08599223214325
          ],
          [
            173.90149917944504,
            -64.06168037950651
          ],
          [
            173.64182817356811,
            -64.03611719472838
          ],
          [
            173.38190137517782,
            -64.00935728235261
          ],
          [
            173.1217333944448,
            -63.98145833148248
          ],
          [
            172.86133674800752,
            -63.952480314201054
          ],
          [
            172.60072231897936,
            -63.92248445799675
          ],
          [
            172.33989840139793,
            -63.89153560993866
          ],
          [
            172.07887220727673,
            -63.85969863333359
          ],
          [
            171.81764968582783,
            -63.82703886045818
          ],
          [
            171.55623593542197,
            -63.793621099188
          ],
          [
            171.29463524476103,
            -63.759509523220935
          ],
          [
            171.03285054870858,
            -63.72476896728726
          ],
          [
            170.77088463536668,
            -63.689461989539616
          ],
          [
            170.50873991553857,
            -63.65364940267999
          ],
          [
            170.2464185625628,
            -63.617389911638405
          ],
          [
            169.98392263846335,
            -63.58073978735259
          ],
          [
            169.72125465306638,
            -63.54375150035473
          ],
          [
            169.4584166675961,
            -63.50647587504794
          ],
          [
            169.19541085877648,
            -63.468960726080596
          ],
          [
            168.9322398682503,
            -63.43125002205621
          ],
          [
            168.66890666163286,
            -63.39338424279435
          ],
          [
            168.40541512479945,
            -63.35539896679774
          ],
          [
            168.14176872125745,
            -63.317328149793624
          ],
          [
            167.87797154217282,
            -63.27920163682999
          ],
          [
            167.61402825038633,
            -63.24104535405073
          ],
          [
            167.34994406565636,
            -63.202881409888455
          ],
          [
            167.0857250368005,
            -63.164727511827905
          ],
          [
            166.82137679765222,
            -63.12660005091376
          ],
          [
            166.55690578004243,
            -63.08851126087445
          ],
          [
            166.2923188491654,
            -63.050470191343514
          ],
          [
            166.02762323482983,
            -63.01248297110959
          ],
          [
            165.7628279810379,
            -62.97455288176095
          ],
          [
            165.49794057338187,
            -62.936679082691015
          ],
          [
            165.23296943803774,
            -62.89886098761233
          ],
          [
            164.96792243126754,
            -62.86109591312612
          ],
          [
            164.70280780882013,
            -62.823378393181315
          ],
          [
            164.43763394511507,
            -62.78570133535678
          ],
          [
            164.1724092751161,
            -62.748056248051405
          ],
          [
            163.90714272159389,
            -62.71043229537979
          ],
          [
            163.64184250174867,
            -62.6728192633161
          ],
          [
            163.37651642344446,
            -62.63520692754848
          ],
          [
            163.11117280451867,
            -62.59758291443207
          ],
          [
            162.84582039843318,
            -62.55993295769356
          ],
          [
            162.5804666664681,
            -62.522245143393434
          ],
          [
            162.31511892424137,
            -62.48450721182194
          ],
          [
            162.04978432862868,
            -62.446706654889255
          ],
          [
            161.78447021873143,
            -62.40882995461801
          ],
          [
            161.5191827223219,
            -62.3708660049463
          ],
          [
            161.25392763774778,
            -62.33280324592961
          ],
          [
            160.98871047036153,
            -62.29463019442305
          ],
          [
            160.72353743889215,
            -62.25633656978002
          ],
          [
            160.4584128472771,
            -62.217913317104
          ],
          [
            160.19334076856185,
            -62.179351191037114
          ],
          [
            159.92832575149959,
            -62.1406431196244
          ],
          [
            159.66337178915524,
            -62.101780699567186
          ],
          [
            159.39848142184442,
            -62.062757993177605
          ],
          [
            159.13365716164094,
            -62.023569015270695
          ],
          [
            158.86890192919873,
            -61.984209680020484
          ],
          [
            158.60421810897054,
            -61.9446748161724
          ],
          [
            158.33960665515917,
            -61.904961589584694
          ],
          [
            158.07506874524472,
            -61.86506709793209
          ],
          [
            157.81060594226938,
            -61.824989915899245
          ],
          [
            157.54621929679044,
            -61.78472773034856
          ],
          [
            157.2819088293908,
            -61.74428068082371
          ],
          [
            157.01767491157392,
            -61.70364803045899
          ],
          [
            156.75351762426695,
            -61.66282804734701
          ],
          [
            156.48943665873307,
            -61.62182250531017
          ],
          [
            156.2254324773629,
            -61.58063158990402
          ],
          [
            155.96150430674749,
            -61.53925716830268
          ],
          [
            155.69765216653406,
            -61.49769919307395
          ],
          [
            155.43387525008856,
            -61.455959611604264
          ],
          [
            155.17017329048542,
            -61.414039068309364
          ],
          [
            154.9065452619837,
            -61.37194003954656
          ],
          [
            154.64299136877423,
            -61.32966203235567
          ],
          [
            154.3795112154065,
            -61.28720600143911
          ],
          [
            154.1161045004496,
            -61.2445726745148
          ],
          [
            153.85277112996897,
            -61.20176227836152
          ],
          [
            153.5895108977504,
            -61.15877531082368
          ],
          [
            153.32632445524916,
            -61.115610199149685
          ],
          [
            153.063211726639,
            -61.07226712639992
          ],
          [
            152.800173548216,
            -61.0287440735774
          ],
          [
            152.53721051229215,
            -60.98503961071435
          ],
          [
            152.27432411629405,
            -60.94115110320284
          ],
          [
            152.01151636097168,
            -60.89707434133603
          ],
          [
            151.74878832350413,
            -60.852805687518945
          ],
          [
            151.4861416976906,
            -60.808341166203874
          ],
          [
            151.2235788421583,
            -60.76367521754308
          ],
          [
            150.96110277831465,
            -60.718800705654026
          ],
          [
            150.69871656631307,
            -60.67371042893561
          ],
          [
            150.43642336835345,
            -60.62839697149138
          ],
          [
            150.1742272022317,
            -60.58285088866812
          ],
          [
            149.9121339039017,
            -60.53706075450032
          ],
          [
            149.65014736850338,
            -60.49101566500237
          ],
          [
            149.38827262194053,
            -60.44470399229264
          ],
          [
            149.12651574806296,
            -60.39811163577025
          ],
          [
            148.86488380917618,
            -60.35122293950655
          ],
          [
            148.60338436468237,
            -60.30402153222286
          ],
          [
            148.34202440176645,
            -60.256490191563365
          ],
          [
            148.08081219281888,
            -60.20861009354384
          ],
          [
            147.8197562788921,
            -60.160361935182344
          ],
          [
            147.55886675188597,
            -60.11172285976752
          ],
          [
            147.29815406836633,
            -60.06266934308899
          ],
          [
            147.03762932132915,
            -60.013176561710566
          ],
          [
            146.77730437782225,
            -59.9632180869411
          ],
          [
            146.51719190670428,
            -59.912765845876365
          ],
          [
            146.25730519782834,
            -59.86179058778383
          ],
          [
            145.9976584963489,
            -59.810261108594936
          ],
          [
            145.73826746032228,
            -59.758143179353155
          ],
          [
            145.479148225102,
            -59.70540183961628
          ],
          [
            145.22031786650447,
            -59.65200031518677
          ],
          [
            144.96179442499772,
            -59.59789999663583
          ],
          [
            144.7035969282689,
            -59.54306042244735
          ],
          [
            144.44574541171286,
            -59.48743926752585
          ],
          [
            144.1882609363387,
            -59.43099233786594
          ],
          [
            143.93116509005864,
            -59.373674811896876
          ],
          [
            143.67448094560632,
            -59.31543896412222
          ],
          [
            143.41823325163114,
            -59.25623373835026
          ],
          [
            143.1624472674214,
            -59.19600759314993
          ],
          [
            142.90714921657576,
            -59.13470743576853
          ],
          [
            142.65236603643115,
            -59.07227925243056
          ],
          [
            142.39812640909994,
            -59.008665639944496
          ],
          [
            142.14445965670762,
            -58.94380848813615
          ],
          [
            141.89139573604638,
            -58.87764900174463
          ],
          [
            141.638965975787,
            -58.81012592243869
          ],
          [
            141.3872025998928,
            -58.74117667313928
          ],
          [
            141.13613811844507,
            -58.6707388135214
          ],
          [
            140.88580636362997,
            -58.598747513995455
          ],
          [
            140.6362414704447,
            -58.52513798104809
          ],
          [
            140.38747809158232,
            -58.449844891773054
          ],
          [
            140.1395509951502,
            -58.37280330650896
          ],
          [
            139.89249537773844,
            -58.293947842083654
          ],
          [
            139.64634661915804,
            -58.21321318020764
          ],
          [
            139.40114056087162,
            -58.130533298535376
          ],
          [
            139.15691204350003,
            -58.045844891575186
          ],
          [
            138.91369625305632,
            -57.95908399771096
          ],
          [
            138.67152674799325,
            -57.87019062672256
          ],
          [
            138.4304373979063,
            -57.77910393150149
          ],
          [
            138.19046114348498,
            -57.68576504244003
          ],
          [
            137.95162904215317,
            -57.59011920153331
          ],
          [
            137.7139711334595,
            -57.49211349381406
          ],
          [
            137.4775156776937,
            -57.391698498163244
          ],
          [
            137.24228909056475,
            -57.288828251292074
          ],
          [
            137.00831582562301,
            -57.18346033332572
          ],
          [
            136.77561733604472,
            -57.07555817347507
          ],
          [
            136.54421383942483,
            -56.965086588325114
          ],
          [
            136.3141217683274,
            -56.852017737660866
          ],
          [
            136.08535506031222,
            -56.7363278154953
          ],
          [
            135.85792456117832,
            -56.61799830328944
          ],
          [
            135.63183680271555,
            -56.497018742964045
          ],
          [
            135.40709606714728,
            -56.373381587504504
          ],
          [
            135.18370246168038,
            -56.247086699002956
          ],
          [
            134.96165229012433,
            -56.11814031861467
          ],
          [
            134.74093796098524,
            -55.986555175519435
          ],
          [
            134.52154766708213,
            -55.852351169699006
          ],
          [
            134.30346574086843,
            -55.715554447697585
          ],
          [
            134.0866728784084,
            -55.576196821566356
          ],
          [
            133.871145290684,
            -55.434317805061696
          ],
          [
            133.6568552950043,
            -55.28996399985811
          ],
          [
            133.44377143178156,
            -55.143189188976024
          ],
          [
            133.23185750453013,
            -54.99405172491995
          ],
          [
            133.02107350653685,
            -54.84261838408501
          ],
          [
            132.81137650123682,
            -54.68896029745415
          ],
          [
            132.60271983633342,
            -54.533155017012625
          ],
          [
            132.39505332887367,
            -54.37528626638949
          ],
          [
            132.18832365301867,
            -54.21544322889152
          ],
          [
            131.98247446654236,
            -54.053720491071076
          ],
          [
            131.77744652256865,
            -53.890218044356644
          ],
          [
            131.57317900956002,
            -53.72503834116496
          ],
          [
            131.36960846812508,
            -53.55828921784902
          ],
          [
            131.16666957031728,
            -53.39008233471396
          ],
          [
            130.96429524941976,
            -53.220533194168986
          ],
          [
            130.76241751917019,
            -53.04976106889509
          ],
          [
            130.56096783917184,
            -52.87788587905349
          ],
          [
            130.3598761512407,
            -52.705030000043024
          ],
          [
            130.15907233492428,
            -52.531318434526845
          ],
          [
            129.9584861918743,
            -52.35687772709293
          ],
          [
            129.75804772141822,
            -52.18183561838404
          ],
          [
            129.5576875056246,
            -52.00632042023412
          ],
          [
            129.35733677089547,
            -51.8304611540214
          ],
          [
            129.15692771569604,
            -51.65438702599135
          ],
          [
            128.95639409041712,
            -51.47822627087628
          ],
          [
            128.75567039769209,
            -51.30210830087835
          ],
          [
            128.5546922048015,
            -51.126163142896274
          ],
          [
            128.35339825877173,
            -50.95051649531151
          ],
          [
            128.15172829045133,
            -50.77529516312551
          ],
          [
            127.9496237467529,
            -50.60062539385881
          ],
          [
            127.74702821976864,
            -50.42663191497601
          ],
          [
            127.54388760679659,
            -50.25343759075935
          ],
          [
            127.3401501347887,
            -50.08116337674708
          ],
          [
            127.13576617245225,
            -49.90992875782523
          ],
          [
            126.93068797020348,
            -49.73985233254454
          ],
          [
            126.72487011787037,
            -49.57105063797032
          ],
          [
            126.51826941172493,
            -49.40363837537461
          ],
          [
            126.31084415388898,
            -49.23772998281375
          ],
          [
            126.10255565203444,
            -49.07343587405023
          ],
          [
            125.89336749143942,
            -48.91086403571345
          ],
          [
            125.68324449373499,
            -48.75012236305127
          ],
          [
            125.47215408852072,
            -48.59131515467777
          ],
          [
            125.26006571017848,
            -48.43454436106724
          ],
          [
            125.04695011669848,
            -48.2799110094124
          ],
          [
            124.83278199137482,
            -48.1275132336977
          ],
          [
            124.61753674044037,
            -47.97744568475758
          ],
          [
            124.40119146976878,
            -47.829800672846744
          ],
          [
            124.18372475918115,
            -47.68466850031323
          ],
          [
            123.9651178979966,
            -47.542134269044595
          ],
          [
            123.74535388099385,
            -47.40228009945948
          ],
          [
            123.52441748467503,
            -47.26518474826272
          ],
          [
            123.30229506665546,
            -47.13092390360343
          ],
          [
            123.0789759123297,
            -46.999566755869395
          ],
          [
            122.85445111970836,
            -46.87117852507975
          ],
          [
            122.62871383362945,
            -46.745819745968475
          ],
          [
            122.40175916175987,
            -46.623546338843056
          ],
          [
            122.17358549133718,
            -46.504406318535615
          ],
          [
            121.94419335605917,
            -46.38844243987483
          ],
          [
            121.71358579380345,
            -46.27569126836471
          ],
          [
            121.48176836755528,
            -46.16618309072356
          ],
          [
            121.24875043767109,
            -46.059938833635265
          ],
          [
            121.01454399377849,
            -45.95697290572095
          ],
          [
            120.77916411688025,
            -45.857292137978376
          ],
          [
            120.54262908442583,
            -45.76089562274505
          ],
          [
            120.30496157608374,
            -45.66777193429049
          ],
          [
            120.06618744782857,
            -45.57790226124453
          ],
          [
            119.82633627520221,
            -45.49125931121113
          ],
          [
            119.58544154783246,
            -45.40780710256532
          ],
          [
            119.34354166626822,
            -45.32749886614301
          ],
          [
            119.10067869584957,
            -45.25028041003706
          ],
          [
            118.85689898506894,
            -45.176089032042114
          ],
          [
            118.61225418956725,
            -45.10485150204824
          ],
          [
            118.36679980007197,
            -45.0364881194046
          ],
          [
            118.12059695509183,
            -44.9709088881851
          ],
          [
            117.87371080785846,
            -44.90801805754552
          ],
          [
            117.62621227535938,
            -44.847710540796534
          ],
          [
            117.37817666622524,
            -44.789875910012064
          ],
          [
            117.12968489535146,
            -44.73439618182727
          ],
          [
            116.88082266973532,
            -44.68114853200395
          ],
          [
            116.63168109001003,
            -44.63000461678602
          ],
          [
            116.38235639093442,
            -44.58083199032049
          ],
          [
            116.13294979583355,
            -44.53349525604533
          ],
          [
            115.88356795332717,
            -44.48785581216024
          ],
          [
            115.63432265396945,
            -44.44377332526398
          ],
          [
            115.38533112477728,
            -44.40110578759854
          ],
          [
            115.13671489585795,
            -44.359712988582714
          ],
          [
            114.88860072226964,
            -44.31945497926795
          ],
          [
            114.64111981211254,
            -44.28019376601484
          ],
          [
            114.39440832551684,
            -44.24179408661419
          ],
          [
            114.1486076402508,
            -44.204124125756984
          ],
          [
            113.90386271147587,
            -44.16705697991166
          ],
          [
            113.6603225294731,
            -44.13047120334586
          ],
          [
            113.4181398527813,
            -44.09425159497385
          ],
          [
            113.17747090806277,
            -44.05828993071765
          ],
          [
            112.93847505546388,
            -44.02248563357422
          ],
          [
            112.70131441845895,
            -43.98674637425647
          ],
          [
            112.46615251012402,
            -43.95098899673221
          ],
          [
            112.23315687037953,
            -43.915138685916105
          ],
          [
            112.00249529645309,
            -43.879130688138424
          ],
          [
            111.77433650905758,
            -43.842910089920785
          ],
          [
            111.54884930839019,
            -43.80643211582785
          ],
          [
            111.3262022432934,
            -43.769662106508434
          ],
          [
            111.10656415088172,
            -43.73257502947917
          ],
          [
            110.89010157053868,
            -43.695156179797635
          ],
          [
            110.67697889660114,
            -43.65740064480524
          ],
          [
            110.46735768331465,
            -43.61931302306361
          ],
          [
            110.26139593223513,
            -43.580907059468764
          ],
          [
            110.05924736702755,
            -43.54220520155061
          ],
          [
            109.86106070113689,
            -43.503238082861365
          ],
          [
            109.66697890428485,
            -43.464043940167294
          ],
          [
            109.47713847415409,
            -43.42466797187066
          ],
          [
            109.29166871995542,
            -43.3851616456959
          ],
          [
            109.11069106481936,
            -43.34558196416352
          ],
          [
            108.93431837409983,
            -43.305990696745006
          ],
          [
            108.7626543167212,
            -43.26645358783457
          ],
          [
            108.59579276663088,
            -43.227039549788145
          ],
          [
            108.43381725123562,
            -43.187819850266564
          ],
          [
            108.27680045340256,
            -43.14886730297886
          ],
          [
            108.12480377319012,
            -43.11025547065989
          ],
          [
            107.977877301124,
            -43.072057053005736
          ],
          [
            107.83605846787394,
            -43.03434566864665
          ],
          [
            107.69937282017784,
            -42.997192720235475
          ],
          [
            107.56783363354349,
            -42.96066729924906
          ],
          [
            105.5,
            -42.25
          ]
        ]
      }
    },
    {
      "type": "Feature",
      "id": 4,
      "properties": {
        "jet_id": 4,
        "area": 284.0
      },
      "geometry": {
        "type": "LineString",
        "coordinates": [
          [
            50.75,
            -63.25
          ],
          [
            52.250457493974196,
            -61.926537649961936
          ],
          [
            52.32066661126039,
            -61.837144742239715
          ],
          [
            52.39085199788274,
            -61.744059117894
          ],
          [
            52.460713069457235,
            -61.64730905798338
          ],
          [
            52.52993487235879,
            -61.546935955341276
          ],
          [
            52.59818926448371,
            -61.44299496714392
          ],
          [
            52.665136961267095,
            -61.33555384291577
          ],
          [
            52.73042779982854,
            -61.22469628796492
          ],
          [
            52.793703760866926,
            -61.110518868241634
          ],
          [
            52.854600670472074,
            -60.9931312637191
          ],
          [
            52.912750376034296,
            -60.87265549829734
          ],
          [
            52.967782647004434,
            -60.749225912314515
          ],
          [
            53.019326656063775,
            -60.62299018188079
          ],
          [
            53.06701416417294,
            -60.49410621288702
          ],
          [
            53.1104813394168,
            -60.36274227536602
          ],
          [
            53.14937094181202,
            -60.2290761503419
          ],
          [
            53.18333447705663,
            -60.0932942023814
          ],
          [
            53.2120342976649,
            -59.95559038600793
          ],
          [
            53.23514563046464,
            -59.81616519487273
          ],
          [
            53.25235851025883,
            -59.67522456320278
          ],
          [
            53.26337996110042,
            -59.5329778591171
          ],
          [
            53.26793501640255,
            -59.38963833850413
          ],
          [
            53.265768277198575,
            -59.245421928673366
          ],
          [
            53.25664586576427,
            -59.10054466272984
          ],
          [
            53.24035636329922,
            -58.955222152902586
          ],
          [
            53.216711835880474,
            -58.80966842311211
          ],
          [
            53.1855486689389,
            -58.66409476744399
          ],
          [
            53.14672844584321,
            -58.51870922684517
          ],
          [
            53.10013816630305,
            -58.373715001083475
          ],
          [
            53.045689854568536,
            -58.2293079276383
          ],
          [
            52.983321859767706,
            -58.08567721905785
          ],
          [
            52.912997947118185,
            -57.94300461999849
          ],
          [
            52.83470655256946,
            -57.80146457265311
          ],
          [
            52.748461412848485,
            -57.66122228437092
          ],
          [
            52.654299987170425,
            -57.52243260050636
          ],
          [
            52.55228242976723,
            -57.385239070582664
          ],
          [
            52.44249126812341,
            -57.24977516740395
          ],
          [
            52.325030415084065,
            -57.116162133229075
          ],
          [
            52.200023227486085,
            -56.98451038684433
          ],
          [
            52.06761109642508,
            -56.854919499528364
          ],
          [
            51.92795211813447,
            -56.7274778677658
          ],
          [
            51.78122043454051,
            -56.6022606993307
          ],
          [
            51.62760365924848,
            -56.47933258963244
          ],
          [
            51.467301705216165,
            -56.35874671888519
          ],
          [
            51.30052534548146,
            -56.24054473352753
          ],
          [
            51.127494196915926,
            -56.12475809323595
          ],
          [
            50.94843532531928,
            -56.01140802092849
          ],
          [
            50.76358168595251,
            -55.9005059807028
          ],
          [
            50.573170184654266,
            -55.79205522699947
          ],
          [
            50.377441322696484,
            -55.68604870689484
          ],
          [
            50.17663688912285,
            -55.58247187085722
          ],
          [
            49.97099880886168,
            -55.48130290255267
          ],
          [
            49.76076796042312,
            -55.38251324268674
          ],
          [
            49.54618302828186,
            -55.286068257632294
          ],
          [
            49.32747945057964,
            -55.19192791112512
          ],
          [
            49.10488846605571,
            -55.10004743114179
          ],
          [
            48.87863710791541,
            -55.01037761430842
          ],
          [
            48.6489454438615,
            -54.92286629408046
          ],
          [
            48.41602794413193,
            -54.837458115417036
          ],
          [
            48.18009147332422,
            -54.75409571762
          ],
          [
            47.94133598337549,
            -54.67271980146886
          ],
          [
            47.69995338351606,
            -54.5932699483153
          ],
          [
            47.456127745674266,
            -54.51568487685112
          ],
          [
            47.21003503766209,
            -54.439902880695705
          ],
          [
            46.961842823254045,
            -54.36586225975866
          ],
          [
            46.71171083843558,
            -54.29350136410216
          ],
          [
            46.459790163998804,
            -54.22275919056726
          ],
          [
            46.20622462112676,
            -54.1535750265048
          ],
          [
            45.95114939161251,
            -54.0858892081927
          ],
          [
            45.6946932071002,
            -54.01964236388023
          ],
          [
            45.43697639081675,
            -53.95477633631684
          ],
          [
            45.178114196785515,
            -53.891232871790145
          ],
          [
            44.918213893641926,
            -53.82895486100295
          ],
          [
            44.65737668108306,
            -53.76788553964051
          ],
          [
            44.39569965621051,
            -53.70796763104489
          ],
          [
            44.13327389913684,
            -53.64914406111097
          ],
          [
            43.87018583424912,
            -53.59135728374375
          ],
          [
            43.60651770479992,
            -53.534548944166765
          ],
          [
            43.34234795526426,
            -53.478659554747395
          ],
          [
            43.07775058737528,
            -53.4236285744674
          ],
          [
            42.81279902376679,
            -53.36939260445326
          ],
          [
            42.547562000241065,
            -53.31588816487246
          ],
          [
            42.28210811172755,
            -53.263047558100396
          ],
          [
            42.016504459569965,
            -53.21080001141932
          ],
          [
            41.750817337973004,
            -53.159071951546515
          ],
          [
            41.48511207582073,
            -53.10778531406677
          ],
          [
            41.21945360662282,
            -53.056857695480325
          ],
          [
            40.95390722113098,
            -53.006203040869224
          ],
          [
            40.68853830665516,
            -52.955729988790424
          ],
          [
            40.42341292415992,
            -52.9053423502874
          ],
          [
            40.15859807525723,
            -52.854938957790786
          ],
          [
            39.89416194193147,
            -52.80441357274168
          ],
          [
            39.630174098779584,
            -52.7536548563941
          ],
          [
            39.366705697730126,
            -52.70254640764898
          ],
          [
            39.103829625367275,
            -52.6509668711074
          ],
          [
            38.84162063312935,
            -52.59879011781273
          ],
          [
            38.58015544077678,
            -52.54588550038557
          ],
          [
            38.31951281363315,
            -52.492118183451055
          ],
          [
            38.0597736141959,
            -52.43734954942361
          ],
          [
            37.80102082879096,
            -52.38143767885825
          ],
          [
            37.5433395700111,
            -52.32423790371145
          ],
          [
            37.28681705572993,
            -52.26560343098756
          ],
          [
            37.03154256552677,
            -52.20538603339055
          ],
          [
            36.777607375390936,
            -52.143436802765194
          ],
          [
            36.52510467159963,
            -52.07960696130874
          ],
          [
            36.27412957923639,
            -52.01374878050537
          ],
          [
            36.02477973781024,
            -51.94571678003933
          ],
          [
            35.777153607585504,
            -51.875367653084275
          ],
          [
            35.53135118914276,
            -51.80256188143895
          ],
          [
            35.28747293283141,
            -51.727165109480325
          ],
          [
            35.04562035630551,
            -51.64904881887806
          ],
          [
            34.80589495866626,
            -51.568091708489085
          ],
          [
            34.56840066825,
            -51.484179601301605
          ],
          [
            34.33324095300018,
            -51.39720754393845
          ],
          [
            34.100518752364216,
            -51.30708071014414
          ],
          [
            33.8703376903762,
            -51.21371473732134
          ],
          [
            33.642801239497324,
            -51.11703686682277
          ],
          [
            33.41801181942496,
            -51.01698686015044
          ],
          [
            33.19607101001605,
            -50.91351761396114
          ],
          [
            32.97707870753128,
            -50.806597236725395
          ],
          [
            32.76113386397273,
            -50.69620721902992
          ],
          [
            32.54833302558216,
            -50.58234582833953
          ],
          [
            32.338771451649485,
            -50.46502518182743
          ],
          [
            32.13254134200319,
            -50.34427520406542
          ],
          [
            31.929732212048314,
            -50.220142302618775
          ],
          [
            31.730431294167605,
            -50.09268788134714
          ],
          [
            31.534721899715112,
            -49.96199167832734
          ],
          [
            31.342683909276243,
            -49.828149867360324
          ],
          [
            31.154393958665402,
            -49.69127379724848
          ],
          [
            30.96992418623847,
            -49.5514921100515
          ],
          [
            30.789342111539074,
            -49.40895003713988
          ],
          [
            30.612711100304473,
            -49.26380719303495
          ],
          [
            30.440089918045516,
            -49.11623748821022
          ],
          [
            30.27153199415199,
            -48.96642966539948
          ],
          [
            30.107085123986533,
            -48.814586710068966
          ],
          [
            29.94679241641656,
            -48.66092219340734
          ],
          [
            29.790691235889444,
            -48.50566140465585
          ],
          [
            29.638812560757735,
            -48.349041435435595
          ],
          [
            29.491182325718416,
            -48.191306440739915
          ],
          [
            29.347820190524814,
            -48.032709090606836
          ],
          [
            29.208739563826494,
            -47.873508979725955
          ],
          [
            29.073947534559384,
            -47.71397125968616
          ],
          [
            28.94344485691508,
            -47.55436515303715
          ],
          [
            28.81722677483971,
            -47.39496046368787
          ],
          [
            28.695281757286025,
            -47.236029166464384
          ],
          [
            28.57759203335151,
            -47.07784269881046
          ],
          [
            28.464133322239338,
            -46.920671255920624
          ],
          [
            28.354875646341416,
            -46.76478054247075
          ],
          [
            28.249783164384066,
            -46.61043097321971
          ],
          [
            28.148813810754348,
            -46.45787743578575
          ],
          [
            28.051919330784735,
            -46.30736820233234
          ],
          [
            27.959046617608262,
            -46.159140813694094
          ],
          [
            27.87013696838356,
            -46.01342311032841
          ],
          [
            27.78512623844474,
            -45.87043222728825
          ],
          [
            27.7039449484316,
            -45.730373841487
          ],
          [
            27.626519806283866,
            -45.593438147730815
          ],
          [
            27.552772604308558,
            -45.45980232091034
          ],
          [
            27.482620911583123,
            -45.32962879598111
          ],
          [
            27.41597821843137,
            -45.203065024502465
          ],
          [
            27.352754603488307,
            -45.08024212340387
          ],
          [
            26.5,
            -43.0
          ]
        ]
      }
    },
    {
      "type": "Feature",
      "id": 5,
      "properties": {
        "jet_id": 5,
        "area": 342.0
      },
      "geometry": {
        "type": "LineString",
        "coordinates": [
          [
            -19.25,
            -56.75
          ],
          [
            -16.939046838735507,
            -56.75626624248106
          ],
          [
            -16.794426000768233,
            -56.75383225069975
          ],
          [
            -16.6443964020934,
            -56.751121922374985
          ],
          [
            -16.48899604855626,
            -56.74812458926682
          ],
          [
            -16.328277169878145,
            -56.74482818792502
          ],
          [
            -16.16230523744472,
            -56.7412207144055
          ],
          [
            -15.991158521497857,
            -56.73729013112742
          ],
          [
            -15.814927659077386,
            -56.73302401618547
          ],
          [
            -15.633715041809218,
            -56.72840943295349
          ],
          [
            -15.447634127812709,
            -56.72343278784206
          ],
          [
            -15.256808686123517,
            -56.71807967786316
          ],
          [
            -15.061372526560836,
            -56.712334504653114
          ],
          [
            -14.861467764284292,
            -56.70618066912314
          ],
          [
            -14.657244367528548,
            -56.699600550029814
          ],
          [
            -14.448860825234675,
            -56.69257478896013
          ],
          [
            -14.236478842407882,
            -56.685081876572
          ],
          [
            -14.020266590548603,
            -56.677099072103616
          ],
          [
            -13.800396739122302,
            -56.668601811193454
          ],
          [
            -13.577043558056063,
            -56.65956273131544
          ],
          [
            -13.350385386960749,
            -56.64995292108273
          ],
          [
            -13.12060113157381,
            -56.63974069503369
          ],
          [
            -12.887869283382013,
            -56.62889141173151
          ],
          [
            -12.652369871336774,
            -56.61736850334174
          ],
          [
            -12.414281491913496,
            -56.60513246243614
          ],
          [
            -12.173780534537512,
            -56.592140732954434
          ],
          [
            -11.931041727850129,
            -56.578348142126075
          ],
          [
            -11.686237812690305,
            -56.56370696363363
          ],
          [
            -11.43953800368439,
            -56.54816647115482
          ],
          [
            -11.19110812637702,
            -56.53167317734243
          ],
          [
            -10.941109168323415,
            -56.514170406567715
          ],
          [
            -10.68970030489837,
            -56.49559971125617
          ],
          [
            -10.437034743778874,
            -56.47589930317441
          ],
          [
            -10.183263288177669,
            -56.455005671006155
          ],
          [
            -9.92853122709391,
            -56.43285242257189
          ],
          [
            -9.67297997111833,
            -56.409371081102556
          ],
          [
            -9.416747429095023,
            -56.3844913481411
          ],
          [
            -9.159967823438102,
            -56.358141122026645
          ],
          [
            -8.902771943796244,
            -56.33024668609562
          ],
          [
            -8.645287450331875,
            -56.30073290577312
          ],
          [
            -8.38763922118977,
            -56.26952343265627
          ],
          [
            -8.129949738481237,
            -56.23654091375978
          ],
          [
            -7.87233950691967,
            -56.20170720419331
          ],
          [
            -7.614928784294675,
            -56.16494411401567
          ],
          [
            -7.3578348621062455,
            -56.126172303782056
          ],
          [
            -7.101175961535246,
            -56.08531291340519
          ],
          [
            -6.845069023386867,
            -56.042286656437796
          ],
          [
            -6.589632411051968,
            -55.99701494566614
          ],
          [
            -6.334985395267939,
            -55.949419683780185
          ],
          [
            -6.0812480315187925,
            -55.899423216762386
          ],
          [
            -5.8285421690447645,
            -55.8469487582071
          ],
          [
            -5.576993162211293,
            -55.79192110900054
          ],
          [
            -5.3267285133028235,
            -55.73426611270385
          ],
          [
            -5.07787774773247,
            -55.673910630530735
          ],
          [
            -4.830576066644357,
            -55.61078409246037
          ],
          [
            -4.584962061766636,
            -55.5448185498654
          ],
          [
            -4.341178204247145,
            -55.47594743819047
          ],
          [
            -4.099371172492667,
            -55.40410662782117
          ],
          [
            -3.859691894904047,
            -55.32923528097815
          ],
          [
            -3.6222968926872117,
            -55.2512730765591
          ],
          [
            -3.387346976950635,
            -55.17016367221577
          ],
          [
            -3.155007692824657,
            -55.08585379119146
          ],
          [
            -2.9254492401619574,
            -54.998293408834236
          ],
          [
            -2.6988463228859247,
            -54.907435942188364
          ],
          [
            -2.4753779265433216,
            -54.813238439870396
          ],
          [
            -2.2552270231550082,
            -54.71566177205703
          ],
          [
            -2.0385802031885225,
            -54.614670820309115
          ],
          [
            -1.8256272352662186,
            -54.51023466686264
          ],
          [
            -1.616560555067406,
            -54.40232678293444
          ],
          [
            -1.4115746857750118,
            -54.29092521552344
          ],
          [
            -1.2108655933469181,
            -54.17601277213577
          ],
          [
            -1.014629980847433,
            -54.05757720282887
          ],
          [
            -0.8230645270411672,
            -53.9356113789527
          ],
          [
            -0.6363650754138782,
            -53.810113467967476
          ],
          [
            -0.45472578072494196,
            -53.68108710373347
          ],
          [
            -0.2783382210949544,
            -53.54854155169805
          ],
          [
            -0.1073904844696095,
            -53.412491868445656
          ],
          [
            0.0579337609429421,
            -53.27295905512232
          ],
          [
            0.21745620200994334,
            -53.129970204296754
          ],
          [
            0.37100481100332466,
            -52.98355863986606
          ],
          [
            0.5184147597444939,
            -52.83376404965635
          ],
          [
            0.6595293061534928,
            -52.68063261039738
          ],
          [
            0.7941995309503919,
            -52.52421599398741
          ],
          [
            0.9222872074644501,
            -52.36457475615171
          ],
          [
            1.0436648515190845,
            -52.20177547801297
          ],
          [
            1.1582161935173185,
            -52.035891339861166
          ],
          [
            1.2658366374538028,
            -51.86700251635702
          ],
          [
            1.3664337582786121,
            -51.69519624728604
          ],
          [
            1.459927918232688,
            -51.52056636991929
          ],
          [
            1.5462524250696505,
            -51.3432136896907
          ],
          [
            1.625353332010642,
            -51.16324871560506
          ],
          [
            1.697189584032033,
            -50.980786772440666
          ],
          [
            1.7617332043193041,
            -50.79595044917498
          ],
          [
            1.818969349658126,
            -50.608870122421386
          ],
          [
            1.8688957871165788,
            -50.41968334123472
          ],
          [
            1.911522500820651,
            -50.22853477415606
          ],
          [
            1.9468711920157087,
            -50.03557613200771
          ],
          [
            1.9749748588876768,
            -49.84096563015095
          ],
          [
            1.9958771192011802,
            -49.64486782131219
          ],
          [
            2.00963047837921,
            -49.447455745162735
          ],
          [
            2.0162966769763964,
            -49.248907852947774
          ],
          [
            2.0159454260746412,
            -49.04940891238043
          ],
          [
            2.008654087585787,
            -48.849149591132914
          ],
          [
            1.994505090817875,
            -48.64832409350622
          ],
          [
            1.973586080431954,
            -48.44713347890581
          ],
          [
            1.945988382308033,
            -48.245784681017106
          ],
          [
            1.911806987848173,
            -48.04448741231056
          ],
          [
            1.8711390544544033,
            -47.84345497031157
          ],
          [
            1.824082283208465,
            -47.642905388577326
          ],
          [
            1.7707353433207862,
            -47.44305772562241
          ],
          [
            1.7111966009973523,
            -47.244132555750284
          ],
          [
            1.645563117658469,
            -47.04635194477089
          ],
          [
            1.5739300035000998,
            -46.84993872698576
          ],
          [
            1.49639009625661,
            -46.655115177080795
          ],
          [
            1.4130336486799489,
            -46.462101858483265
          ],
          [
            1.3239477276994593,
            -46.27111812462616
          ],
          [
            1.2292167384649035,
            -46.082378997623536
          ],
          [
            1.1289210902929043,
            -45.89609334043788
          ],
          [
            1.0231382900368844,
            -45.71246606209128
          ],
          [
            0.9119416819660484,
            -45.531697943658706
          ],
          [
            0.7954025354466283,
            -45.35398004141342
          ],
          [
            0.6735890509133078,
            -45.17949574736194
          ],
          [
            0.5465669799943743,
            -45.00841915973312
          ],
          [
            0.41440005076762865,
            -44.84091411750773
          ],
          [
            0.2771501725986875,
            -44.67713394508337
          ],
          [
            0.13487855457653372,
            -44.517219228940185
          ],
          [
            -0.012353461040280726,
            -44.36129832270835
          ],
          [
            -0.16448544164983261,
            -44.20948415281839
          ],
          [
            -0.32145582826484825,
            -44.061876134949856
          ],
          [
            -0.4832020712583931,
            -43.91856011739689
          ],
          [
            -0.6496586335392018,
            -43.779604639738075
          ],
          [
            -0.8207577393475968,
            -43.64506344656918
          ],
          [
            -0.9964292652493618,
            -43.51497215008907
          ],
          [
            -1.1765991967297424,
            -43.3893514863151
          ],
          [
            -1.3611893976940421,
            -43.26820522788054
          ],
          [
            -1.5501169625158342,
            -43.15151953386641
          ],
          [
            -1.74329413302229,
            -43.03926524787312
          ],
          [
            -1.9406290668194943,
            -42.931396477405684
          ],
          [
            -2.1420239591161025,
            -42.82784882682186
          ],
          [
            -2.3473762566648,
            -42.72854476419624
          ],
          [
            -2.5565767304814675,
            -42.633390182855614
          ],
          [
            -2.7695123870935237,
            -42.542276400086784
          ],
          [
            -2.986063999931622,
            -42.45507892050059
          ],
          [
            -3.2061073625663594,
            -42.37166106234638
          ],
          [
            -3.4295129973045624,
            -42.29187447371696
          ],
          [
            -3.6561478788007222,
            -42.21555714455582
          ],
          [
            -3.8858744420437548,
            -42.14253721715425
          ],
          [
            -4.118550674923773,
            -42.072632364302365
          ],
          [
            -4.35403141330669,
            -42.0056531596249
          ],
          [
            -4.592168822176141,
            -41.94139864730083
          ],
          [
            -4.832812719932978,
            -41.87966426874252
          ],
          [
            -5.0758099758779505,
            -41.82023832515034
          ],
          [
            -5.321007770658586,
            -41.76290446710724
          ],
          [
            -5.568250701569142,
            -41.707442684599826
          ],
          [
            -5.817384377188296,
            -41.65362917335527
          ],
          [
            -6.0682541530376195,
            -41.60124149831011
          ],
          [
            -6.320706572100846,
            -41.550053417844985
          ],
          [
            -6.574589093686604,
            -41.499841706276484
          ],
          [
            -6.829751562304817,
            -41.45038397114865
          ],
          [
            -7.08604558485306,
            -41.40145840915117
          ],
          [
            -7.34332624287135,
            -41.35284737620419
          ],
          [
            -7.60145169535067,
            -41.304336342886806
          ],
          [
            -7.860283435339774,
            -41.25571713679939
          ],
          [
            -8.119687646816885,
            -41.20678676125738
          ],
          [
            -8.379534291945838,
            -41.1573467704791
          ],
          [
            -8.639698787059439,
            -41.107205706598286
          ],
          [
            -8.900061217402978,
            -41.05618130043653
          ],
          [
            -9.160506448718566,
            -41.0040971584378
          ],
          [
            -9.420925400982275,
            -40.95078599587138
          ],
          [
            -9.681214836266243,
            -40.89608967746641
          ],
          [
            -9.941277108734884,
            -40.83985862469912
          ],
          [
            -10.20102002192862,
            -40.7819515096308
          ],
          [
            -10.460358109352207,
            -40.72223841051797
          ],
          [
            -10.719211504827246,
            -40.66059942985351
          ],
          [
            -10.977506749992674,
            -40.596924225561224
          ],
          [
            -11.235175958256825,
            -40.531111288389695
          ],
          [
            -11.492156929899437,
            -40.463071982036
          ],
          [
            -11.748396090452651,
            -40.39272795609696
          ],
          [
            -12.003844076705443,
            -40.32001030643219
          ],
          [
            -12.258456910149377,
            -40.244859756553616
          ],
          [
            -12.512198903514712,
            -40.16723038071079
          ],
          [
            -12.765037928240803,
            -40.0870849810477
          ],
          [
            -13.016948519802412,
            -40.004397135277415
          ],
          [
            -13.26791155222967,
            -39.919151014401194
          ],
          [
            -13.517911534131295,
            -39.83134015476602
          ],
          [
            -13.766938508424017,
            -39.74096727883441
          ],
          [
            -14.01498862587754,
            -39.6480461286003
          ],
          [
            -14.262062493485624,
            -39.552599970897454
          ],
          [
            -14.508164200100454,
            -39.454659355344134
          ],
          [
            -14.753303385537922,
            -39.3542650584452
          ],
          [
            -14.99749403450517,
            -39.25146653830704
          ],
          [
            -15.24075488481146,
            -39.146321159531944
          ],
          [
            -15.48310636335967,
            -39.038892992722396
          ],
          [
            -15.724573922008616,
            -38.92925290685861
          ],
          [
            -15.965185517986937,
            -38.81747996323891
          ],
          [
            -16.20497338822756,
            -38.70365947766776
          ],
          [
            -16.443972086483512,
            -38.58788199594284
          ],
          [
            -16.682217978952657,
            -38.47024239190951
          ],
          [
            -16.919750655426768,
            -38.35084244132278
          ],
          [
            -17.156610951933786,
            -38.22978614433427
          ],
          [
            -17.39284246869087,
            -38.107183477812036
          ],
          [
            -17.628489561632268,
            -37.98314562602152
          ],
          [
            -17.86359880976076,
            -37.857788595098974
          ],
          [
            -18.098217229109476,
            -37.73122896606975
          ],
          [
            -18.33239233535346,
            -37.603586206150084
          ],
          [
            -18.56617381022102,
            -37.4749806853591
          ],
          [
            -18.79961039355156,
            -37.345533223012026
          ],
          [
            -19.03275242017468,
            -37.21536573570491
          ],
          [
            -19.265649326382057,
            -37.08459975807275
          ],
          [
            -19.498350915367784,
            -36.95335715066033
          ],
          [
            -19.73090657444704,
            -36.82175731915228
          ],
          [
            -19.96336550197363,
            -36.689919132084995
          ],
          [
            -20.195775571777574,
            -36.5579602859995
          ],
          [
            -20.428183891741803,
            -36.4259949434764
          ],
          [
            -20.660637779949983,
            -36.29413577531845
          ],
          [
            -20.89318158397665,
            -36.16249245091202
          ],
          [
            -21.125858969173308,
            -36.031170590617016
          ],
          [
            -21.358712522809977,
            -35.900273180960724
          ],
          [
            -21.591783655603567,
            -35.769899832259576
          ],
          [
            -21.82511197110885,
            -35.640144659275386
          ],
          [
            -22.058734697775396,
            -35.511100251039565
          ],
          [
            -22.29268826950321,
            -35.38285457343768
          ],
          [
            -22.52700631747678,
            -35.25548881933151
          ],
          [
            -22.76172135381758,
            -35.12908147992558
          ],
          [
            -22.99686293324707,
            -35.00370390662928
          ],
          [
            -23.232458859283515,
            -34.879423223073566
          ],
          [
            -23.468535034600503,
            -34.756301963844216
          ],
          [
            -23.70511469767135,
            -34.63439623157874
          ],
          [
            -23.942218963537464,
            -34.51375700249644
          ],
          [
            -24.179866483677444,
            -34.39442930524992
          ],
          [
            -24.418073485964467,
            -34.276452317390756
          ],
          [
            -24.65685385932673,
            -34.15985956975765
          ],
          [
            -24.896218788549987,
            -34.044678064812146
          ],
          [
            -25.1361772642863,
            -33.93092950790834
          ],
          [
            -25.3767352283463,
            -33.81862824384605
          ],
          [
            -25.6178963422175,
            -33.70778311223815
          ],
          [
            -25.85966220810252,
            -33.598397981143854
          ],
          [
            -26.102031386287813,
            -33.490469374787224
          ],
          [
            -26.344999458453312,
            -33.38398662640005
          ],
          [
            -26.588560307827517,
            -33.27893496878958
          ],
          [
            -26.832704396097377,
            -33.17529137443111
          ],
          [
            -27.07742054068332,
            -33.07302884618939
          ],
          [
            -27.322694791848402,
            -32.97211370642023
          ],
          [
            -27.568510583269436,
            -32.872505960481604
          ],
          [
            -27.814848663227245,
            -32.7741591306119
          ],
          [
            -28.061686469561902,
            -32.677023384818334
          ],
          [
            -28.30900027295938,
            -32.58104245523204
          ],
          [
            -28.556764146669742,
            -32.48615497589436
          ],
          [
            -28.804950056938694,
            -32.39229473916964
          ],
          [
            -29.05352814197503,
            -32.29939141349303
          ],
          [
            -29.302466640288625,
            -32.20737042162386
          ],
          [
            -29.55173138218806,
            -32.116151772182945
          ],
          [
            -29.80128701763094,
            -32.025653092017535
          ],
          [
            -30.051096677086036,
            -31.935788885497836
          ],
          [
            -30.301122113334937,
            -31.84647096603493
          ],
          [
            -30.551323848730483,
            -31.7576089131373
          ],
          [
            -30.801661326615253,
            -31.669110553183646
          ],
          [
            -31.052093065436257,
            -31.580882461753212
          ],
          [
            -31.302576960828546,
            -31.492830839666425
          ],
          [
            -31.553070392095304,
            -31.404861934756052
          ],
          [
            -31.803529537068236,
            -31.31688057196735
          ],
          [
            -32.05391076745551,
            -31.228793727184595
          ],
          [
            -32.30417027660577,
            -31.14050985622381
          ],
          [
            -32.5542644896728,
            -31.051940136665362
          ],
          [
            -32.80414975935937,
            -30.96299801027572
          ],
          [
            -33.05378234917093,
            -30.873599446186184
          ],
          [
            -33.303118492221884,
            -30.783663414266286
          ],
          [
            -33.552115431397446,
            -30.69311475645823
          ],
          [
            -33.80073078950354,
            -30.601883055837195
          ],
          [
            -34.04892200920478,
            -30.509901704098816
          ],
          [
            -34.29664763744098,
            -30.41711145207695
          ],
          [
            -34.54386667949657,
            -30.32345932979324
          ],
          [
            -34.7905382213698,
            -30.228898243340204
          ],
          [
            -35.036621282958144,
            -30.133387156910068
          ],
          [
            -35.28207599794567,
            -30.036894503933453
          ],
          [
            -35.52686212790106,
            -29.939395186266665
          ],
          [
            -35.77093911231284,
            -29.840871302318227
          ],
          [
            -36.01426670201846,
            -29.741314300814853
          ],
          [
            -36.256804127236244,
            -29.640723609616796
          ],
          [
            -36.49850971137141,
            -29.53910634844739
          ],
          [
            -36.739340926795755,
            -29.436478110497728
          ],
          [
            -36.97925451037542,
            -29.33286388351402
          ],
          [
            -37.218205445762315,
            -29.228296222887014
          ],
          [
            -37.45614699209237,
            -29.12281593079071
          ],
          [
            -37.69303038017706,
            -29.01647190362931
          ],
          [
            -37.92880427546365,
            -28.909320378105562
          ],
          [
            -38.163415028389856,
            -28.80142603002787
          ],
          [
            -38.396806139908655,
            -28.69286111984664
          ],
          [
            -38.62891766664151,
            -28.583704423275343
          ],
          [
            -38.8596861555667,
            -28.474041360334045
          ],
          [
            -39.08904399004461,
            -28.36396261238969
          ],
          [
            -39.31692043990747,
            -28.253566751609107
          ],
          [
            -39.54324010598979,
            -28.142956468070846
          ],
          [
            -39.76792325542981,
            -28.032239239743365
          ],
          [
            -39.99088554190367,
            -27.921526386518767
          ],
          [
            -40.212038248391245,
            -27.810933246438815
          ],
          [
            -40.43128844228894,
            -27.70057899384963
          ],
          [
            -40.648538424740224,
            -27.590584601364444
          ],
          [
            -40.86368578333357,
            -27.48107210189584
          ],
          [
            -41.07662473823121,
            -27.372166814114426
          ],
          [
            -41.28724468213928,
            -27.263992633314132
          ],
          [
            -41.495432226552026,
            -27.15667562852115
          ],
          [
            -41.70106982237895,
            -27.05033921418614
          ],
          [
            -41.90403787152025,
            -26.94510760015106
          ],
          [
            -42.10421398568228,
            -26.841102212716
          ],
          [
            -42.30147393581192,
            -26.7384420656739
          ],
          [
            -42.49569216275373,
            -26.637242952937687
          ],
          [
            -42.686742540224834,
            -26.537617145846216
          ],
          [
            -42.87449948705745,
            -26.439673845929487
          ],
          [
            -43.058837813535874,
            -26.34351651241442
          ],
          [
            -43.239634604805154,
            -26.249245058959495
          ],
          [
            -43.416768708303344,
            -26.156952239190506
          ],
          [
            -43.59012305132189,
            -26.066726861104893
          ],
          [
            -43.75958382230885,
            -25.978649450277967
          ],
          [
            -43.92504302415492,
            -25.892796098811793
          ],
          [
            -44.086397919302065,
            -25.80923488043974
          ],
          [
            -44.24355201999336,
            -25.72802609066507
          ],
          [
            -44.39641663826462,
            -25.649223957236103
          ],
          [
            -44.54491075663084,
            -25.57287443879747
          ],
          [
            -44.68896195201818,
            -25.499015730791616
          ],
          [
            -44.828507695779386,
            -25.427679864284837
          ],
          [
            -44.96349470010716,
            -25.358889791879424
          ],
          [
            -45.09388025203347,
            -25.292661491826703
          ],
          [
            -45.219632152583806,
            -25.229002938120175
          ],
          [
            -47.25,
            -24.25
          ]
        ]
      }
    },
    {
      "type": "Feature",
      "id": 6,
      "properties": {
        "jet_id": 6,
        "area": 202.0
      },
      "geometry": {
        "type": "LineString",
        "coordinates": [
          [
            -137.0,
            -54.5
          ],
          [
            -139.18767885105743,
            -54.00581350119884
          ],
          [
            -139.32277768800532,
            -53.97127979076208
          ],
          [
            -139.46273937221991,
            -53.93497535989977
          ],
          [
            -139.60751054717565,
            -53.896855572933866
          ],
          [
            -139.7570251168645,
            -53.856877829320254
          ],
          [
            -139.91120463789238,
            -53.81500164300995
          ],
          [
            -140.06995853137576,
            -53.771188057508596
          ],
          [
            -140.23318601232486,
            -53.725402991494136
          ],
          [
            -140.40077562955284,
            -53.677614615870276
          ],
          [
            -140.57260634818726,
            -53.6277942733167
          ],
          [
            -140.74854847445434,
            -53.575916855499024
          ],
          [
            -140.92846457967494,
            -53.52196103854157
          ],
          [
            -141.11221046789115,
            -53.46590950695843
          ],
          [
            -141.2996361762252,
            -53.407749163566564
          ],
          [
            -141.49058699689064,
            -53.34747132296117
          ],
          [
            -141.68490450342435,
            -53.28507187093137
          ],
          [
            -141.88242704789457,
            -53.22055012666475
          ],
          [
            -142.08299216795282,
            -53.15391231932438
          ],
          [
            -142.28643652517985,
            -53.08516913096241
          ],
          [
            -142.49259697672034,
            -53.01433602326328
          ],
          [
            -142.7013116140363,
            -52.94143355276323
          ],
          [
            -142.91242064461565,
            -52.86648739310996
          ],
          [
            -143.12576721920382,
            -52.78952832840754
          ],
          [
            -143.34119819854808,
            -52.710592217510786
          ],
          [
            -143.55856485469332,
            -52.62971992951002
          ],
          [
            -143.77772307339762,
            -52.54695621400981
          ],
          [
            -143.99853484471666,
            -52.46235182826973
          ],
          [
            -144.22086836238742,
            -52.37596245816278
          ],
          [
            -144.44459809975157,
            -52.28784773831197
          ],
          [
            -144.6696053613595,
            -52.198071577692865
          ],
          [
            -144.89577854597286,
            -52.106701944839735
          ],
          [
            -145.12301333841623,
            -52.013810635067955
          ],
          [
            -145.35121265818546,
            -51.919472600019574
          ],
          [
            -145.58028668623388,
            -51.82376560978943
          ],
          [
            -145.8101538474734,
            -51.72677235917183
          ],
          [
            -146.04073954548892,
            -51.62857727597231
          ],
          [
            -146.27197647523099,
            -51.52926725857786
          ],
          [
            -146.50380446552984,
            -51.428931388378146
          ],
          [
            -146.73617028028204,
            -51.32766064216617
          ],
          [
            -146.9690269733361,
            -51.22554661629153
          ],
          [
            -147.20233448063587,
            -51.12268331637997
          ],
          [
            -147.43605904617917,
            -51.01916619956443
          ],
          [
            -147.67017250840198,
            -50.91509093723006
          ],
          [
            -147.9046522022349,
            -50.81055371146423
          ],
          [
            -148.13948061814588,
            -50.70565096244318
          ],
          [
            -148.3746449603958,
            -50.6004789209277
          ],
          [
            -148.6101365000228,
            -50.495132665033324
          ],
          [
            -148.84595146785094,
            -50.3897089068515
          ],
          [
            -149.0820894708459,
            -50.28430280458015
          ],
          [
            -149.31855347262317,
            -50.17900854902908
          ],
          [
            -149.5553494906559,
            -50.07391925859496
          ],
          [
            -149.79248599729286,
            -49.96912614656906
          ],
          [
            -150.02997390764872,
            -49.86471908838562
          ],
          [
            -150.26782657440071,
            -49.760787185057225
          ],
          [
            -150.5060586082106,
            -49.65741646800993
          ],
          [
            -150.74468685130972,
            -49.554692776415614
          ],
          [
            -150.98372893798427,
            -49.45269878137669
          ],
          [
            -151.22320344162156,
            -49.35151481182743
          ],
          [
            -151.46312962133547,
            -49.25121868446423
          ],
          [
            -151.70352682031165,
            -49.15188466332632
          ],
          [
            -151.94441490782285,
            -49.05358490960653
          ],
          [
            -152.18581404681288,
            -48.95638927427997
          ],
          [
            -152.4277439185447,
            -48.86036375172173
          ],
          [
            -152.67022380079592,
            -48.76557096667201
          ],
          [
            -152.91327191512065,
            -48.67206887040274
          ],
          [
            -153.15690634333825,
            -48.57991320042956
          ],
          [
            -153.40114425961858,
            -48.48915585018604
          ],
          [
            -153.6460015888611,
            -48.39984424577192
          ],
          [
            -153.89149305149172,
            -48.31202163498662
          ],
          [
            -154.13763203817072,
            -48.22572694661081
          ],
          [
            -154.3844304962066,
            -48.14099466031075
          ],
          [
            -154.63189861168433,
            -48.05785416716605
          ],
          [
            -154.88004476837057,
            -47.976329783615746
          ],
          [
            -155.12887589114357,
            -47.89644168030194
          ],
          [
            -155.37839710226655,
            -47.81820513982577
          ],
          [
            -155.6286120127366,
            -47.74163133677888
          ],
          [
            -155.87952185357884,
            -47.66672530735923
          ],
          [
            -156.13112622467227,
            -47.593487815310226
          ],
          [
            -156.38342296387034,
            -47.521915086294065
          ],
          [
            -156.63640774406443,
            -47.45199787858898
          ],
          [
            -156.89007385651436,
            -47.383720997412254
          ],
          [
            -157.1444117800025,
            -47.31706601155533
          ],
          [
            -157.39941233580822,
            -47.2520107616265
          ],
          [
            -157.6550629755624,
            -47.188524953182686
          ],
          [
            -157.91135033136675,
            -47.12657631326256
          ],
          [
            -158.16825946126863,
            -47.06612876880133
          ],
          [
            -158.4257730232015,
            -47.00714045234689
          ],
          [
            -158.68387249416344,
            -46.94956664541685
          ],
          [
            -158.94253781453452,
            -46.89335891980452
          ],
          [
            -159.2017478410299,
            -46.838466231104974
          ],
          [
            -159.46147973771514,
            -46.78483344849564
          ],
          [
            -159.72171009178103,
            -46.73240404845492
          ],
          [
            -159.9824137613443,
            -46.68111733310739
          ],
          [
            -160.24356552494376,
            -46.63091241245905
          ],
          [
            -160.50513849684788,
            -46.581724378612385
          ],
          [
            -160.76710599151085,
            -46.533488806961024
          ],
          [
            -161.02943997103756,
            -46.48613800803808
          ],
          [
            -161.29211283994582,
            -46.43960536045587
          ],
          [
            -161.55509670374366,
            -46.393823520954214
          ],
          [
            -161.81836208002107,
            -46.34872131269866
          ],
          [
            -162.08188031023838,
            -46.30422954785411
          ],
          [
            -162.34562302065697,
            -46.260279726156035
          ],
          [
            -162.60956202369255,
            -46.21680379675597
          ],
          [
            -162.8736690694592,
            -46.173733558396336
          ],
          [
            -163.1379161689193,
            -46.131001439563036
          ],
          [
            -163.40227573527503,
            -46.08854083983434
          ],
          [
            -163.6667205521425,
            -46.04628605304715
          ],
          [
            -163.93122401039102,
            -46.00417283907765
          ],
          [
            -164.19575867602632,
            -45.962139521448556
          ],
          [
            -164.46029838660417,
            -45.92012393998126
          ],
          [
            -164.72481815719772,
            -45.87806698056878
          ],
          [
            -164.98929309756616,
            -45.835909998400325
          ],
          [
            -165.2536992303435,
            -45.79359683671423
          ],
          [
            -165.51801314465425,
            -45.75107304089816
          ],
          [
            -165.78221173481538,
            -45.70828528577214
          ],
          [
            -166.04627228544462,
            -45.665181647915944
          ],
          [
            -166.31017315942378,
            -45.62171334321259
          ],
          [
            -166.57389243991534,
            -45.577831535971605
          ],
          [
            -166.83740942811485,
            -45.533491054553544
          ],
          [
            -167.10070290104466,
            -45.48864629846992
          ],
          [
            -167.36375278742028,
            -45.443255412220985
          ],
          [
            -167.62653838680325,
            -45.397276130074275
          ],
          [
            -167.88903980854917,
            -45.35066941175856
          ],
          [
            -168.1512369028905,
            -45.30339704275085
          ],
          [
            -168.4131092206465,
            -45.255421738504374
          ],
          [
            -168.6746362672072,
            -45.2067079812021
          ],
          [
            -168.9357974879381,
            -45.157222231635124
          ],
          [
            -169.19657141680113,
            -45.10693114580609
          ],
          [
            -169.45693669195273,
            -45.05580432498535
          ],
          [
            -169.71687130676466,
            -45.003812832997845
          ],
          [
            -169.9763521817135,
            -44.950928516402655
          ],
          [
            -170.23535490355476,
            -44.89712375749672
          ],
          [
            -170.49385455790105,
            -44.84237389643869
          ],
          [
            -170.75182532926343,
            -44.7866567072949
          ],
          [
            -171.0092391845444,
            -44.72994969060922
          ],
          [
            -171.26606744645179,
            -44.672234371442734
          ],
          [
            -171.5222792635901,
            -44.61349313273569
          ],
          [
            -171.7778416938358,
            -44.55370996918312
          ],
          [
            -172.03271982357487,
            -44.492871351096596
          ],
          [
            -172.28687711471144,
            -44.43096765864113
          ],
          [
            -172.540274116421,
            -44.36799068510982
          ],
          [
            -172.79286897257518,
            -44.30393548793708
          ],
          [
            -173.04461719053313,
            -44.23880046407277
          ],
          [
            -173.29547107905285,
            -44.17258662836689
          ],
          [
            -173.54537947403165,
            -44.10529758215736
          ],
          [
            -173.79428854678233,
            -44.036942083423135
          ],
          [
            -174.0421411248629,
            -43.96753300608421
          ],
          [
            -174.28887604505726,
            -43.89708634849049
          ],
          [
            -174.53442800928087,
            -43.82562141845128
          ],
          [
            -174.77872819111693,
            -43.75316278311143
          ],
          [
            -175.02170424225207,
            -43.67974071257692
          ],
          [
            -175.26327881783126,
            -43.60538797996537
          ],
          [
            -175.5033711212298,
            -43.530143872414044
          ],
          [
            -175.74189549279643,
            -43.45405097638038
          ],
          [
            -175.97876250055668,
            -43.37715790346167
          ],
          [
            -176.21387812788237,
            -43.29951731191769
          ],
          [
            -176.44714409278285,
            -43.221186540489
          ],
          [
            -176.67845860840106,
            -43.142229178676224
          ],
          [
            -176.90771542344257,
            -43.06271234759063
          ],
          [
            -177.1348043786814,
            -42.982707497091695
          ],
          [
            -177.3596120240235,
            -42.90229119956392
          ],
          [
            -177.5820219720412,
            -42.8215451536849
          ],
          [
            -177.80191423330442,
            -42.74055357368581
          ],
          [
            -178.01916621882648,
            -42.65940444631144
          ],
          [
            -178.23365337059636,
            -42.57818973408404
          ],
          [
            -178.44524938573076,
            -42.497004445006624
          ],
          [
            -178.6538267865043,
            -42.415946390341226
          ],
          [
            -178.85925773590418,
            -42.33511639593955
          ],
          [
            -179.06141345206018,
            -42.254615001761515
          ],
          [
            -179.2601661291981,
            -42.17454509569791
          ],
          [
            -179.45538923735322,
            -42.0950105307706
          ],
          [
            -179.64695814816776,
            -42.01611544338718
          ],
          [
            -179.83475084965588,
            -41.93796371852459
          ]
        ]
      }
    },
    {
      "type": "Feature",
      "id": 7,
      "properties": {
        "jet_id": 7,
        "area": 95.0
      },
      "geometry": {
        "type": "LineString",
        "coordinates": [
          [
            179.94038375405376,
            -41.842740751292574
          ],
          [
            179.7585973021302,
            -41.764522388859895
          ],
          [
            179.58110274123337,
            -41.68758960387096
          ],
          [
            179.40801413898498,
            -41.612024206093295
          ],
          [
            179.23943686374568,
            -41.53790615540861
          ],
          [
            179.07546702799195,
            -41.465312907788324
          ],
          [
            178.91619096304768,
            -41.394318789799456
          ],
          [
            178.76168473292913,
            -41.324994407671504
          ],
          [
            178.61201369474094,
            -41.25740609646758
          ],
          [
            178.46723211260118,
            -41.19161541436003
          ],
          [
            178.32738283148805,
            -41.1276786864174
          ],
          [
            178.19249701669665,
            -41.0656466016717
          ],
          [
            178.06259396378792,
            -41.00556386656329
          ],
          [
            176.0,
            -40.0
          ]
        ]
      }
    },
    {
      "type": "Feature",
      "id": 8,
      "properties": {
        "jet_id": 8,
        "area": 652.0
      },
      "geometry": {
        "type": "LineString",
        "coordinates": [
          [
            -67.0,
            -27.5
          ],
          [
            -68.10749428710284,
            -26.257787272601135
          ],
          [
            -68.19741154346175,
            -26.199158047840434
          ],
          [
            -68.29242153163129,
            -26.140052637459725
          ],
          [
            -68.3926261576617,
            -26.080621576144782
          ],
          [
            -68.49811512726482,
            -26.021020621643885
          ],
          [
            -68.60896587097668,
            -25.961408302665472
          ],
          [
            -68.72524340307933,
            -25.901943797110402
          ],
          [
            -68.8469988047819,
            -25.842788331294333
          ],
          [
            -68.9742701273442,
            -25.78410096354323
          ],
          [
            -69.10708056108581,
            -25.72604121941111
          ],
          [
            -69.24543941889169,
            -25.668765204121208
          ],
          [
            -69.38934202624594,
            -25.612424644559805
          ],
          [
            -69.53876885208697,
            -25.55716806766747
          ],
          [
            -69.69368621423342,
            -25.503138490978674
          ],
          [
            -69.85404653426772,
            -25.450472520157405
          ],
          [
            -70.01978855696038,
            -25.39929985302206
          ],
          [
            -70.1908383050871,
            -25.349741326455785
          ],
          [
            -70.36710848235425,
            -25.301910393431584
          ],
          [
            -70.54849932331587,
            -25.255911112720955
          ],
          [
            -70.73489990849573,
            -25.211839339863293
          ],
          [
            -70.92618855383361,
            -25.16978161805825
          ],
          [
            -71.12223360555811,
            -25.129815003442157
          ],
          [
            -71.32289428558465,
            -25.092006988535186
          ],
          [
            -71.52802157779944,
            -25.05641552060108
          ],
          [
            -71.73745914537598,
            -25.023089110290535
          ],
          [
            -71.95104426920585,
            -24.992067024685948
          ],
          [
            -72.16860879760219,
            -24.963379557748592
          ],
          [
            -72.38998021149584,
            -24.937048645041177
          ],
          [
            -72.61498280442818,
            -24.913088834677247
          ],
          [
            -72.84343792242738,
            -24.8915060795884
          ],
          [
            -73.07516522957155,
            -24.87229910702395
          ],
          [
            -73.30998358307795,
            -24.855459954539683
          ],
          [
            -73.54771187008286,
            -24.840974528956906
          ],
          [
            -73.7881693098533,
            -24.828824362173897
          ],
          [
            -74.03117735758732,
            -24.818984384822553
          ],
          [
            -74.27655968026727,
            -24.811425219496066
          ],
          [
            -74.52414218659325,
            -24.806115191888974
          ],
          [
            -74.77375487057645,
            -24.803017798045182
          ],
          [
            -75.0252316891175,
            -24.8020937417336
          ],
          [
            -75.27841037411675,
            -24.80330294559364
          ],
          [
            -75.53313404817901,
            -24.806602018561552
          ],
          [
            -75.78925061405522,
            -24.81194690612072
          ],
          [
            -76.04661355234514,
            -24.81929194913073
          ],
          [
            -76.30508218503309,
            -24.82859004346247
          ],
          [
            -76.56452097168237,
            -24.839794951343663
          ],
          [
            -76.8248005700431,
            -24.85285917664829
          ],
          [
            -77.08579754556494,
            -24.86773493482717
          ],
          [
            -77.34739425254222,
            -24.884374552176094
          ],
          [
            -77.60947922091873,
            -24.90272950036951
          ],
          [
            -77.8719464056684,
            -24.922752046563165
          ],
          [
            -78.13469620289189,
            -24.94439252236869
          ],
          [
            -78.39763406396327,
            -24.967602290992566
          ],
          [
            -78.66067081206198,
            -24.992332519532034
          ],
          [
            -78.9237232238732,
            -25.018532242181855
          ],
          [
            -79.18671252717543,
            -25.04615140207187
          ],
          [
            -79.44956578920089,
            -25.075136877205637
          ],
          [
            -79.71221402037635,
            -25.1054364147788
          ],
          [
            -79.97459326746636,
            -25.13699534209376
          ],
          [
            -80.23664403143188,
            -25.169757329983174
          ],
          [
            -80.49831108994788,
            -25.203664200843296
          ],
          [
            -80.75954332621056,
            -25.238655755585057
          ],
          [
            -81.02029356594893,
            -25.274669626345034
          ],
          [
            -81.28051734128626,
            -25.31164161010121
          ],
          [
            -81.5401756587019,
            -25.349504386863597
          ],
          [
            -81.79923232569129,
            -25.388188540998208
          ],
          [
            -82.05765445518271,
            -25.42762232101407
          ],
          [
            -82.31541243862038,
            -25.46773167885797
          ],
          [
            -82.57247984840238,
            -25.50844040172403
          ],
          [
            -82.8288333507809,
            -25.549670305677196
          ],
          [
            -83.08445262817833,
            -25.591341493408795
          ],
          [
            -83.33932030960779,
            -25.633372677480786
          ],
          [
            -83.59342190765528,
            -25.675681569384807
          ],
          [
            -83.84674576029319,
            -25.71818533365576
          ],
          [
            -84.09928297564359,
            -25.760801105150982
          ],
          [
            -84.35102737770774,
            -25.803446566449573
          ],
          [
            -84.60197545101619,
            -25.84604058116164
          ],
          [
            -84.85212628214128,
            -25.88850387778164
          ],
          [
            -85.10148149604423,
            -25.930759777595615
          ],
          [
            -85.35004567224705,
            -25.972733783500765
          ],
          [
            -85.59782546411259,
            -26.01435630613101
          ],
          [
            -85.84482967053266,
            -26.05556249233636
          ],
          [
            -86.09106910330208,
            -26.096293882708633
          ],
          [
            -86.33655837332734,
            -26.136498453065673
          ],
          [
            -86.58131157567907,
            -26.17613136584308
          ],
          [
            -86.82534562925353,
            -26.215155426391345
          ],
          [
            -87.06867909170874,
            -26.253541602502523
          ],
          [
            -87.31133199475528,
            -26.291270216094578
          ],
          [
            -87.55332633458946,
            -26.328333158038326
          ],
          [
            -87.79468487138253,
            -26.36473197764646
          ],
          [
            -88.03543058494412,
            -26.40047892795631
          ],
          [
            -88.27558729716922,
            -26.435596963113213
          ],
          [
            -88.51517994231345,
            -26.470121258622605
          ],
          [
            -88.75423371442557,
            -26.504098743177504
          ],
          [
            -88.99277413904213,
            -26.537588832854976
          ],
          [
            -89.23082612348239,
            -26.57066158108229
          ],
          [
            -89.46841393080375,
            -26.60339792986053
          ],
          [
            -89.70556202908591,
            -26.635891936612474
          ],
          [
            -89.94229285168548,
            -26.668245398416765
          ],
          [
            -90.17862777310017,
            -26.700570088600692
          ],
          [
            -90.4145873609153,
            -26.732988090836734
          ],
          [
            -90.6501907424416,
            -26.765629838975563
          ],
          [
            -90.88545514559053,
            -26.7986324203794
          ],
          [
            -91.12039596785026,
            -26.83213899879837
          ],
          [
            -91.35502611290568,
            -26.866296317477694
          ],
          [
            -91.58935729504937,
            -26.901256806854047
          ],
          [
            -91.82339852331843,
            -26.937173492657777
          ],
          [
            -92.05715753951519,
            -26.974200779179952
          ],
          [
            -92.29063912104185,
            -27.01249471450237
          ],
          [
            -92.52384621183187,
            -27.052208032921243
          ],
          [
            -92.75677983665352,
            -27.093489964546137
          ],
          [
            -92.98943913354684,
            -27.13648497795556
          ],
          [
            -93.2218213384879,
            -27.181330978938874
          ],
          [
            -93.4539218586502,
            -27.228157680225678
          ],
          [
            -93.68573555716344,
            -27.27708787098483
          ],
          [
            -93.91725571561891,
            -27.328233073252385
          ],
          [
            -94.14847452256694,
            -27.381692894482097
          ],
          [
            -94.3793834321247,
            -27.437554097410903
          ],
          [
            -94.60997415490736,
            -27.49589124615993
          ],
          [
            -94.84023766554112,
            -27.556762632138113
          ],
          [
            -95.07016611318659,
            -27.62021329471601
          ],
          [
            -95.29975184667974,
            -27.68627117971889
          ],
          [
            -95.5289879838083,
            -27.75494714621415
          ],
          [
            -95.75786871476849,
            -27.8262344676895
          ],
          [
            -95.98639059831068,
            -27.900110880525354
          ],
          [
            -96.21455149816492,
            -27.976535099655166
          ],
          [
            -96.44235120474954,
            -28.055447578830428
          ],
          [
            -96.669792758122,
            -28.136773150174598
          ],
          [
            -96.89688128322949,
            -28.220417852940198
          ],
          [
            -97.12362449016851,
            -28.30626998391901
          ],
          [
            -97.35003391862507,
            -28.394203151472627
          ],
          [
            -97.5761234073223,
            -28.484072840226737
          ],
          [
            -97.80191134437966,
            -28.575720291766896
          ],
          [
            -98.02741829949133,
            -28.66897319832814
          ],
          [
            -98.25266785581917,
            -28.763643988937275
          ],
          [
            -98.47768794085387,
            -28.85953417926709
          ],
          [
            -98.7025093806561,
            -28.956433034402924
          ],
          [
            -98.92716556961282,
            -29.054118237671553
          ],
          [
            -99.15169371993284,
            -29.152360546485376
          ],
          [
            -99.37613323736382,
            -29.250920648535153
          ],
          [
            -99.60052661049366,
            -29.349554789023248
          ],
          [
            -99.82491797084244,
            -29.448015350962713
          ],
          [
            -100.04935368858636,
            -29.546049887293147
          ],
          [
            -100.27388123154873,
            -29.643402726217534
          ],
          [
            -100.49854977322224,
            -29.73981876884757
          ],
          [
            -100.72341001027971,
            -29.835043716390974
          ],
          [
            -100.94851263004512,
            -29.92882717009052
          ],
          [
            -101.17390777705592,
            -30.020921212051455
          ],
          [
            -101.39964601447699,
            -30.11108367797742
          ],
          [
            -101.62577739515037,
            -30.19907949048346
          ],
          [
            -101.85235026273998,
            -30.284680010325754
          ],
          [
            -102.07941198534351,
            -30.36766650266955
          ],
          [
            -102.30700854555728,
            -30.447830457541166
          ],
          [
            -102.53518225064325,
            -30.524975264048383
          ],
          [
            -102.76397374080169,
            -30.598916254143997
          ],
          [
            -102.99342109083966,
            -30.669482454542145
          ],
          [
            -103.22355882135103,
            -30.7365148220915
          ],
          [
            -103.45441838534964,
            -30.79986962937791
          ],
          [
            -103.6860273449311,
            -30.859420301876916
          ],
          [
            -103.91840935964626,
            -30.91505301057219
          ],
          [
            -104.15158470432577,
            -30.966669665294983
          ],
          [
            -104.38556984913612,
            -31.014189059569865
          ],
          [
            -104.62037612950348,
            -31.057545378582876
          ],
          [
            -104.85601167836197,
            -31.096687477557577
          ],
          [
            -105.0924808312511,
            -31.131580748218596
          ],
          [
            -105.3297831120025,
            -31.162206156766512
          ],
          [
            -105.56791437709016,
            -31.188556819692447
          ],
          [
            -105.80686698161321,
            -31.210640976791236
          ],
          [
            -106.04662945176185,
            -31.22848188715836
          ],
          [
            -106.28718679079503,
            -31.242112634983716
          ],
          [
            -106.52852035471116,
            -31.25158072633676
          ],
          [
            -106.7706095354707,
            -31.256943486305964
          ],
          [
            -107.01343019288325,
            -31.25826890160978
          ],
          [
            -107.25695492584666,
            -31.255633950666727
          ],
          [
            -107.5011550549237,
            -31.24912375970622
          ],
          [
            -107.7459999120154,
            -31.23883153991061
          ],
          [
            -107.99145674487518,
            -31.224856691532008
          ],
          [
            -108.23749088769144,
            -31.20730299131739
          ],
          [
            -108.4840666623888,
            -31.18628128370982
          ],
          [
            -108.73114817164512,
            -31.161905112736438
          ],
          [
            -108.97869892213821,
            -31.134290915599415
          ],
          [
            -109.22668114488086,
            -31.10355490002657
          ],
          [
            -109.47505771462721,
            -31.069816269288125
          ],
          [
            -109.72379156860055,
            -31.03319449248956
          ],
          [
            -109.97284588385922,
            -30.99380849671651
          ],
          [
            -110.22218437466489,
            -30.95177624549542
          ],
          [
            -110.47177113567236,
            -30.907213322037112
          ],
          [
            -110.72157211442806,
            -30.86023555034355
          ],
          [
            -110.97155409608273,
            -30.81095571622978
          ],
          [
            -111.22168503117345,
            -30.75948363694661
          ],
          [
            -111.47193407445896,
            -30.705925638237687
          ],
          [
            -111.72227213229245,
            -30.650385361804155
          ],
          [
            -111.97267175446503,
            -30.59296308947845
          ],
          [
            -112.223107841686,
            -30.53375713148903
          ],
          [
            -112.47355674411939,
            -30.47286142024758
          ],
          [
            -112.72399679568227,
            -30.410364718498876
          ],
          [
            -112.9744076509435,
            -30.346354315150403
          ],
          [
            -113.22477150817836,
            -30.280914944606582
          ],
          [
            -113.47507277580875,
            -30.214125815830634
          ],
          [
            -113.72529679977086,
            -30.14606376220099
          ],
          [
            -113.97543119763492,
            -30.076802981394398
          ],
          [
            -114.22546644430241,
            -30.00641422221101
          ],
          [
            -114.47539396767628,
            -29.93496636584509
          ],
          [
            -114.72520738799881,
            -29.862524914391376
          ],
          [
            -114.97490145822438,
            -29.789152444524866
          ],
          [
            -115.22447304285508,
            -29.714911156267043
          ],
          [
            -115.47392133883258,
            -29.6398599794793
          ],
          [
            -115.72324610122054,
            -29.56405548181814
          ],
          [
            -115.97244913829522,
            -29.487553799926705
          ],
          [
            -116.2215339202399,
            -29.410409541168438
          ],
          [
            -116.47050479477174,
            -29.33267609191414
          ],
          [
            -116.7193677734887,
            -29.25440465672914
          ],
          [
            -116.96812933314104,
            -29.17564678131191
          ],
          [
            -117.21679720984065,
            -29.09645039323827
          ],
          [
            -117.46538102170304,
            -29.01686446897703
          ],
          [
            -117.71389034363764,
            -28.936937726803247
          ],
          [
            -117.96233571835994,
            -28.856715011385766
          ],
          [
            -118.21072842040377,
            -28.776244429440823
          ],
          [
            -118.45908093848257,
            -28.695570521053174
          ],
          [
            -118.70740571319655,
            -28.614738023387805
          ],
          [
            -118.95571561609152,
            -28.533790877067105
          ],
          [
            -119.20402385976955,
            -28.452772207604745
          ],
          [
            -119.45234391045787,
            -28.371724296052943
          ],
          [
            -119.70068940333906,
            -28.290688540299172
          ],
          [
            -119.94907494639514,
            -28.209705041711114
          ],
          [
            -120.197512838731,
            -28.12881256217453
          ],
          [
            -120.44601681361382,
            -28.04804990271946
          ],
          [
            -120.69460058322264,
            -27.96745477332727
          ],
          [
            -120.94327746020332,
            -27.887063258530997
          ],
          [
            -121.19206048059631,
            -27.80691019986693
          ],
          [
            -121.44096234497026,
            -27.727029129849825
          ],
          [
            -121.68999536385734,
            -27.64745220757592
          ],
          [
            -121.939171407635,
            -27.5682101570971
          ],
          [
            -122.18850186098085,
            -27.48933220963204
          ],
          [
            -122.43799758201449,
            -27.41084605060119
          ],
          [
            -122.68766886622271,
            -27.332777772391147
          ],
          [
            -122.93752541525161,
            -27.255151833672326
          ],
          [
            -123.18757631063438,
            -27.17799102601305
          ],
          [
            -123.43782999251005,
            -27.10131644845126
          ],
          [
            -123.68829424337281,
            -27.025147490605892
          ],
          [
            -123.93897577870412,
            -26.94950278611013
          ],
          [
            -124.18988105678274,
            -26.874398244389365
          ],
          [
            -124.44101601084809,
            -26.7998481895508
          ],
          [
            -124.69238612291679,
            -26.725865856353067
          ],
          [
            -124.94399535060367,
            -26.652460799323904
          ],
          [
            -125.19584751137884,
            -26.579642234651054
          ],
          [
            -125.44794580004098,
            -26.507417875261037
          ],
          [
            -125.70029298687697,
            -26.435794409218037
          ],
          [
            -125.95289121594108,
            -26.364777012726947
          ],
          [
            -126.20574149032886,
            -26.294368107474472
          ],
          [
            -126.45884439429689,
            -26.22457084864449
          ],
          [
            -126.71220034872556,
            -26.155386492562286
          ],
          [
            -126.96580991906421,
            -26.086815233010842
          ],
          [
            -127.21967268536835,
            -26.018856219814044
          ],
          [
            -127.47378761283436,
            -25.95150714819617
          ],
          [
            -127.72815373251805,
            -25.88476590694499
          ],
          [
            -127.98277016954333,
            -25.81863065190556
          ],
          [
            -128.23763542670937,
            -25.753098082534738
          ],
          [
            -128.49274775061312,
            -25.688164332624865
          ],
          [
            -128.74810563708678,
            -25.6238261981693
          ],
          [
            -129.00370795100253,
            -25.56008143509056
          ],
          [
            -129.25955268911704,
            -25.49692751337846
          ],
          [
            -129.51563826736998,
            -25.43436153601396
          ],
          [
            -129.77196383784855,
            -25.37238103747541
          ],
          [
            -130.0285285138376,
            -25.31098491694339
          ],
          [
            -130.28533173940008,
            -25.250174991491544
          ],
          [
            -130.54237286423137,
            -25.189950913154107
          ],
          [
            -130.79965247389438,
            -25.130314672215214
          ],
          [
            -131.05717080761366,
            -25.071268798475042
          ],
          [
            -131.31492817426113,
            -25.01281845916243
          ],
          [
            -131.57292614375353,
            -24.954969413867044
          ],
          [
            -131.83116682756196,
            -24.89772883067192
          ],
          [
            -132.0896522041737,
            -24.841107022593675
          ],
          [
            -132.34838541898617,
            -24.78511500353943
          ],
          [
            -132.6073703704896,
            -24.729765671479452
          ],
          [
            -132.86661001655426,
            -24.675073268642485
          ],
          [
            -133.12610881178304,
            -24.621053906549488
          ],
          [
            -133.385871949925,
            -24.56772554923574
          ],
          [
            -133.6459044345885,
            -24.515109503816802
          ],
          [
            -133.9062115172347,
            -24.46322634194962
          ],
          [
            -134.16679963476213,
            -24.412099605469695
          ],
          [
            -134.42767399258406,
            -24.3617538898848
          ],
          [
            -134.6888409091681,
            -24.312215591004424
          ],
          [
            -134.95030684671178,
            -24.263513172326988
          ],
          [
            -135.2120783453062,
            -24.21567680298394
          ],
          [
            -135.4741612930698,
            -24.168735648599103
          ],
          [
            -135.73656173316132,
            -24.122722316455146
          ],
          [
            -135.99928620490437,
            -24.077669254228617
          ],
          [
            -136.26233950099274,
            -24.033609258259578
          ],
          [
            -136.5257265380921,
            -23.990577520312392
          ],
          [
            -136.7894523514133,
            -23.9486090056556
          ],
          [
            -137.05351987009132,
            -23.90773878838095
          ],
          [
            -137.31793297332246,
            -23.868002243684984
          ],
          [
            -137.58269322564908,
            -23.829434162602315
          ],
          [
            -137.84780137283454,
            -23.792071173744066
          ],
          [
            -138.113258334821,
            -23.755948790673934
          ],
          [
            -138.37906212140726,
            -23.721102291415548
          ],
          [
            -138.645210784762,
            -23.687565507877004
          ],
          [
            -138.9117012292409,
            -23.65537359376061
          ],
          [
            -139.17852794215113,
            -23.624559388797227
          ],
          [
            -139.44568439988066,
            -23.595157790340068
          ],
          [
            -139.71316275887241,
            -23.567199232927862
          ],
          [
            -139.9809529521504,
            -23.540715887270796
          ],
          [
            -140.2490443666051,
            -23.515737443993398
          ],
          [
            -140.51742499138365,
            -23.492294286793772
          ],
          [
            -140.78608009358788,
            -23.470416009255228
          ],
          [
            -141.05499400611657,
            -23.45012858778613
          ],
          [
            -141.3241493542603,
            -23.43145763221616
          ],
          [
            -141.5935276805554,
            -23.41442952503812
          ],
          [
            -141.863108110725,
            -23.399069446812934
          ],
          [
            -142.1328690996482,
            -23.385399186119855
          ],
          [
            -142.4027880382135,
            -23.3734416797538
          ],
          [
            -142.67284051271625,
            -23.363217874126438
          ],
          [
            -142.94300076940553,
            -23.354747335858903
          ],
          [
            -143.2132423302712,
            -23.348050648681728
          ],
          [
            -143.48353726490046,
            -23.343146490297972
          ],
          [
            -143.75385720539936,
            -23.340050595896603
          ],
          [
            -144.02417326051594,
            -23.33878011433929
          ],
          [
            -144.2944555300615,
            -23.339350316421935
          ],
          [
            -144.56467304892195,
            -23.341775795936524
          ],
          [
            -144.83479537700123,
            -23.3460710153543
          ],
          [
            -145.10479185993805,
            -23.352247813420988
          ],
          [
            -145.37463122537696,
            -23.36031706799087
          ],
          [
            -145.64428290052098,
            -23.370290105367356
          ],
          [
            -145.91371624404925,
            -23.3821764360336
          ],
          [
            -146.18290066396997,
            -23.395983753637747
          ],
          [
            -146.45180595959178,
            -23.41172062007988
          ],
          [
            -146.72040377643847,
            -23.429393015220597
          ],
          [
            -146.9886659084005,
            -23.449005132180734
          ],
          [
            -147.25656485388276,
            -23.470559505042747
          ],
          [
            -147.52407483010452,
            -23.49405857538277
          ],
          [
            -147.79117090666276,
            -23.519502164787113
          ],
          [
            -148.05782930712152,
            -23.54688777435271
          ],
          [
            -148.32402806972053,
            -23.576211761337454
          ],
          [
            -148.5897471761662,
            -23.607469244870103
          ],
          [
            -148.85496780438496,
            -23.640651913010238
          ],
          [
            -149.11967285870054,
            -23.67574893311886
          ],
          [
            -149.3838474165793,
            -23.712747683128228
          ],
          [
            -149.64747875923263,
            -23.751633503387488
          ],
          [
            -149.9105553012226,
            -23.792386818485507
          ],
          [
            -150.17306845480147,
            -23.834987374818834
          ],
          [
            -150.43501156687194,
            -23.87941144398491
          ],
          [
            -150.6963805894206,
            -23.925633246567404
          ],
          [
            -150.9571729244228,
            -23.97362200617091
          ],
          [
            -151.21738838958868,
            -24.023344162876988
          ],
          [
            -151.4770292182166,
            -24.074763295606573
          ],
          [
            -151.73609947934926,
            -24.12783868696871
          ],
          [
            -151.9946063412343,
            -24.18252838115249
          ],
          [
            -152.25255835948454,
            -24.238785102304018
          ],
          [
            -152.50996645753267,
            -24.29655871642328
          ],
          [
            -152.7668437135172,
            -24.355795855382723
          ],
          [
            -153.02320470067886,
            -24.41643850623646
          ],
          [
            -153.2790670015998,
            -24.478427891079644
          ],
          [
            -153.53444980072078,
            -24.541701334553434
          ],
          [
            -153.78937335254244,
            -24.606191285296
          ],
          [
            -154.0438596063931,
            -24.671827167678984
          ],
          [
            -154.29793319809338,
            -24.738538155337785
          ],
          [
            -154.5516197512018,
            -24.806249483133747
          ],
          [
            -154.80494565046894,
            -24.87488234442717
          ],
          [
            -155.05793855125202,
            -24.944355593371323
          ],
          [
            -155.31062783926473,
            -25.01458735254274
          ],
          [
            -155.5630439101063,
            -25.085493793309933
          ],
          [
            -155.81521711581073,
            -25.156987131045174
          ],
          [
            -156.06717922889715,
            -25.228979713422937
          ],
          [
            -156.31896228909338,
            -25.301381801755202
          ],
          [
            -156.57059919714067,
            -25.37410357846594
          ],
          [
            -156.82212249766678,
            -25.447052787395656
          ],
          [
            -157.07356466234214,
            -25.52013599746099
          ],
          [
            -157.3249589847633,
            -25.593261341119057
          ],
          [
            -157.57633752446066,
            -25.666334123475202
          ],
          [
            -157.82773251730015,
            -25.739260791556706
          ],
          [
            -158.07917522338457,
            -25.811946705734556
          ],
          [
            -158.33069706289854,
            -25.88429942051608
          ],
          [
            -158.58232781150252,
            -25.956224849666054
          ],
          [
            -158.83409750956608,
            -26.027632378177113
          ],
          [
            -159.08603344741584,
            -26.09842806542396
          ],
          [
            -159.33816285625667,
            -26.16852159989647
          ],
          [
            -159.590511526862,
            -26.23782339794975
          ],
          [
            -159.84310306327086,
            -26.30624320949066
          ],
          [
            -160.09596013070112,
            -26.373693510916073
          ],
          [
            -160.34910383991792,
            -26.440088370987237
          ],
          [
            -160.60255309859014,
            -26.505342208319426
          ],
          [
            -160.85632521746246,
            -26.569371549183924
          ],
          [
            -161.11043556430724,
            -26.632094457184465
          ],
          [
            -161.36489785169104,
            -26.693431463846785
          ],
          [
            -161.61972318234976,
            -26.753303470745365
          ],
          [
            -161.87492096723878,
            -26.811634143937894
          ],
          [
            -162.13049802385137,
            -26.868347886922855
          ],
          [
            -162.38645927815406,
            -26.923371657389264
          ],
          [
            -162.64280702196098,
            -26.976633269473066
          ],
          [
            -162.8995413305148,
            -27.028062470715795
          ],
          [
            -163.15666031819606,
            -27.077591602723466
          ],
          [
            -163.4141593022172,
            -27.125153600762534
          ],
          [
            -163.67203203267098,
            -27.170684958087747
          ],
          [
            -163.93026938843008,
            -27.21412254921662
          ],
          [
            -164.18885975627936,
            -27.25540449460779
          ],
          [
            -164.44778958158662,
            -27.294471417966324
          ],
          [
            -164.7070431038305,
            -27.33126571486994
          ],
          [
            -164.96660240666253,
            -27.36573156071079
          ],
          [
            -165.22644747736737,
            -27.39781492199163
          ],
          [
            -165.4865562756405,
            -27.42746357144299
          ],
          [
            -165.7469048115547,
            -27.454627107307427
          ],
          [
            -166.00746723254218,
            -27.47925697701394
          ],
          [
            -166.26821591916624,
            -27.501306505343788
          ],
          [
            -166.5291215894024,
            -27.520730927068904
          ],
          [
            -166.79015341108695,
            -27.537487423928162
          ],
          [
            -167.05127912213183,
            -27.55153516569558
          ],
          [
            -167.31246515803622,
            -27.56283535499017
          ],
          [
            -167.57367678615896,
            -27.571351275380188
          ],
          [
            -167.83487824614858,
            -27.577048342245238
          ],
          [
            -168.09603289585576,
            -27.5798941557797
          ],
          [
            -168.35710365745243,
            -27.579857842136942
          ],
          [
            -168.61805292997028,
            -27.57691275769646
          ],
          [
            -168.87884176182675,
            -27.571033483392885
          ],
          [
            -169.13943151232604,
            -27.56219679441554
          ],
          [
            -169.39978349478494,
            -27.550382061262567
          ],
          [
            -169.65985908766478,
            -27.535571176674864
          ],
          [
            -169.9196198957999,
            -27.517748602422827
          ],
          [
            -170.17902839189102,
            -27.496902576144148
          ],
          [
            -170.43804673967315,
            -27.47302193067054
          ],
          [
            -170.69663818055557,
            -27.44609910619723
          ],
          [
            -170.9547670712618,
            -27.416129911522084
          ],
          [
            -171.21239880156725,
            -27.383111587568322
          ],
          [
            -171.46949951713253,
            -27.34704501390712
          ],
          [
            -171.726036525335,
            -27.30793477536218
          ],
          [
            -171.98197855402358,
            -27.265786737867295
          ],
          [
            -172.23729656851688,
            -27.22060975239118
          ],
          [
            -172.4919620562839,
            -27.17241523395152
          ],
          [
            -172.74594886206276,
            -27.121219486993976
          ],
          [
            -172.99923244040963,
            -27.067039791110734
          ],
          [
            -173.25179043258174,
            -27.00989517093549
          ],
          [
            -173.5036017311155,
            -26.949808722814435
          ],
          [
            -173.7546471650645,
            -26.886805990050057
          ],
          [
            -174.00491009730354,
            -26.82091351219207
          ],
          [
            -174.2543752652085,
            -26.7521615780345
          ],
          [
            -174.5030293512299,
            -26.680582766736155
          ],
          [
            -174.7508615893972,
            -26.606210368803417
          ],
          [
            -174.99786260868325,
            -26.529081032936457
          ],
          [
            -175.24402489324396,
            -26.449233481835886
          ],
          [
            -175.48934310859855,
            -26.3667061026182
          ],
          [
            -175.73381322236102,
            -26.281540145817896
          ],
          [
            -175.97743304178,
            -26.193779133682916
          ],
          [
            -176.2202015954815,
            -26.103466106459877
          ],
          [
            -176.46212109852473,
            -26.010647367157397
          ],
          [
            -176.70319333060354,
            -25.915369231366515
          ],
          [
            -176.94342236727888,
            -25.81768122301022
          ],
          [
            -177.18281361280185,
            -25.71763277891123
          ],
          [
            -177.4213740610766,
            -25.615273530093194
          ],
          [
            -177.65911133187342,
            -25.510655358575768
          ],
          [
            -177.89603479091295,
            -25.403829438539525
          ],
          [
            -178.1321548106598,
            -25.294847784817073
          ],
          [
            -178.36748222674314,
            -25.183764350478512
          ],
          [
            -178.60202939187448,
            -25.070632291234606
          ],
          [
            -178.83580863165483,
            -24.955507527169967
          ],
          [
            -179.06883364817705,
            -24.838445213428106
          ],
          [
            -179.30111901068162,
            -24.71950085448614
          ],
          [
            -179.53267907376107,
            -24.5987328246406
          ],
          [
            -179.76352960440235,
            -24.476198370907756
          ],
          [
            -179.99368596916207,
            -24.351957939612497
          ]
        ]
      }
    },
    {
      "type": "Feature",
      "id": 9,
      "properties": {
        "jet_id": 9,
        "area": 449.0
      },
      "geometry": {
        "type": "LineString",
        "coordinates": [
          [
            179.91038026334556,
            -24.312435023430847
          ],
          [
            179.68224585907657,
            -24.185001027755224
          ],
          [
            179.45436665687956,
            -24.05609974408585
          ],
          [
            179.2267575961477,
            -23.92579427837339
          ],
          [
            178.99942867394114,
            -23.79415096253793
          ],
          [
            178.772385152784,
            -23.66123954757455
          ],
          [
            178.5456274511481,
            -23.52713264666119
          ],
          [
            178.31915203609282,
            -23.39190761040892
          ],
          [
            178.09295129501007,
            -23.255645945573
          ],
          [
            177.86701352242994,
            -23.11843301395992
          ],
          [
            177.6413232540281,
            -22.980358565354415
          ],
          [
            177.41586145502848,
            -22.841516907395874
          ],
          [
            177.1906057092073,
            -22.70200705755944
          ],
          [
            176.9655304101683,
            -22.56193287317601
          ],
          [
            176.7406069566414,
            -22.421403155591484
          ],
          [
            176.51580395358022,
            -22.280531724809354
          ],
          [
            176.29108742079967,
            -22.139437461279773
          ],
          [
            176.06642197067944,
            -21.998244709487356
          ],
          [
            175.841769710842,
            -21.85708269648081
          ],
          [
            175.6170893150556,
            -21.716084974860422
          ],
          [
            175.39233976423978,
            -21.575390753110582
          ],
          [
            175.16747727731192,
            -21.43514335686469
          ],
          [
            174.9424581467007,
            -21.29549108737774
          ],
          [
            174.71723710875307,
            -21.156586182308768
          ],
          [
            174.4917689828152,
            -21.018585083443174
          ],
          [
            174.26600829798244,
            -20.8816478258651
          ],
          [
            174.03990911346665,
            -20.74593710187628
          ],
          [
            173.81342632065366,
            -20.611618160236986
          ],
          [
            173.58651637049437,
            -20.478860197631725
          ],
          [
            173.35913684270022,
            -20.34783396930629
          ],
          [
            173.13124658420543,
            -20.21871073866576
          ],
          [
            172.90280712547317,
            -20.09166428771842
          ],
          [
            172.67378226840032,
            -19.966868501311435
          ],
          [
            172.44413819788258,
            -19.844496216294488
          ],
          [
            172.21384489518738,
            -19.724721227449344
          ],
          [
            171.98287571474154,
            -19.607715886908437
          ],
          [
            171.75120853536242,
            -19.493650992687456
          ],
          [
            171.51882478164453,
            -19.382693878229116
          ],
          [
            171.28571009947387,
            -19.275010014910656
          ],
          [
            171.05185479039403,
            -19.170762096527618
          ],
          [
            170.81725467733065,
            -19.070110442240832
          ],
          [
            170.58190994717924,
            -18.973210041238676
          ],
          [
            170.34582617358532,
            -18.880211728888277
          ],
          [
            170.1090152934621,
            -18.791260180328052
          ],
          [
            169.87149433794056,
            -18.70649602746708
          ],
          [
            169.63328596894152,
            -18.626054300177636
          ],
          [
            169.3944184718202,
            -18.550064095699504
          ],
          [
            169.15492570140444,
            -18.478648271455484
          ],
          [
            168.9148473167536,
            -18.411923971727468
          ],
          [
            168.6742276276675,
            -18.350001995796898
          ],
          [
            168.43311649723356,
            -18.292983336581052
          ],
          [
            168.19156908278495,
            -18.24096374820611
          ],
          [
            167.94964473440461,
            -18.194031369242083
          ],
          [
            167.7074068774801,
            -18.152266582554034
          ],
          [
            167.46492279572195,
            -18.115743240110767
          ],
          [
            167.22226374367142,
            -18.084524184201644
          ],
          [
            166.97950408822237,
            -18.058666560611886
          ],
          [
            166.73672028033397,
            -18.038218856186035
          ],
          [
            166.49399064404014,
            -18.023221437582233
          ],
          [
            166.25139580556478,
            -18.013704039439563
          ],
          [
            166.00901658639492,
            -18.009688356921973
          ],
          [
            165.7669337817292,
            -18.01118700857635
          ],
          [
            165.52522814344087,
            -18.01820424302586
          ],
          [
            165.2839798727808,
            -18.03073411992078
          ],
          [
            165.04326853787697,
            -18.048761309912663
          ],
          [
            164.80317012663517,
            -18.07226143744007
          ],
          [
            164.56375873498519,
            -18.101198175568463
          ],
          [
            164.32510509658692,
            -18.135528483543826
          ],
          [
            164.08727610122625,
            -18.17519629704945
          ],
          [
            163.85033410392626,
            -18.220137305767853
          ],
          [
            163.61433667521348,
            -18.270275541708525
          ],
          [
            163.37933551657426,
            -18.3255246682646
          ],
          [
            163.1453771777598,
            -18.385789259578274
          ],
          [
            162.9125015618748,
            -18.450962536768753
          ],
          [
            162.68074151214742,
            -18.520927252620716
          ],
          [
            162.45012379646082,
            -18.59555683204308
          ],
          [
            162.2206671370646,
            -18.67471481486931
          ],
          [
            161.99238337906164,
            -18.758253843227635
          ],
          [
            161.76527614230028,
            -18.84601890995709
          ],
          [
            161.53934166938797,
            -18.93784296324289
          ],
          [
            161.3145678662061,
            -19.03355312909534
          ],
          [
            161.09093572660535,
            -19.132968103203574
          ],
          [
            160.86841850760138,
            -19.235897451368395
          ],
          [
            160.64698114520255,
            -19.34214438227845
          ],
          [
            160.42658162659035,
            -19.451506192688598
          ],
          [
            160.20717102357114,
            -19.56377433065085
          ],
          [
            159.98869369653318,
            -19.678735514834276
          ],
          [
            159.77108804877764,
            -19.796171716870226
          ],
          [
            159.55428574735183,
            -19.91586402455782
          ],
          [
            159.3382135397897,
            -20.037590401151462
          ],
          [
            159.1227936064742,
            -20.161127125294488
          ],
          [
            158.90794366029772,
            -20.28625096634737
          ],
          [
            158.69357716517783,
            -20.41274117610853
          ],
          [
            158.47960529070076,
            -20.54037736874037
          ],
          [
            158.2659363925699,
            -20.668943428287236
          ],
          [
            158.05247750038797,
            -20.798226597985067
          ],
          [
            157.83913493322893,
            -20.928018675892172
          ],
          [
            157.62581432224013,
            -21.058118614873646
          ],
          [
            157.41242126093601,
            -21.188333552026652
          ],
          [
            157.19886300090212,
            -21.31847723134793
          ],
          [
            156.98504855951396,
            -21.448372150110906
          ],
          [
            156.77088935846197,
            -21.5778502876579
          ],
          [
            156.55629982929932,
            -21.70675375302494
          ],
          [
            156.3411979796275,
            -21.83493534393353
          ],
          [
            156.12550591400517,
            -21.962259010692236
          ],
          [
            155.90915030422514,
            -22.0886002196691
          ],
          [
            155.6920628042534,
            -22.213846212204807
          ],
          [
            155.47418040583966,
            -22.33789615612124
          ],
          [
            155.25544601567236,
            -22.460660502491926
          ],
          [
            155.03580830266495,
            -22.582061838730045
          ],
          [
            154.81522146294503,
            -22.702035672241475
          ],
          [
            154.5936461477459,
            -22.8205281396286
          ],
          [
            154.37104915793347,
            -22.937496431223007
          ],
          [
            154.1474034074658,
            -23.052908312210185
          ],
          [
            153.92268796293084,
            -23.166741217382523
          ],
          [
            153.69688775500055,
            -23.27898190983299
          ],
          [
            153.46999340816393,
            -23.38962564344321
          ],
          [
            153.24200036730772,
            -23.49867683235659
          ],
          [
            153.01290943746318,
            -23.606146140549054
          ],
          [
            152.78272618549755,
            -23.712050174962275
          ],
          [
            152.55146086329393,
            -23.816409801500775
          ],
          [
            152.31912754719005,
            -23.91925026189749
          ],
          [
            152.08574290971833,
            -24.02060211461444
          ],
          [
            151.85132764804962,
            -24.12049572605679
          ],
          [
            151.6159043922408,
            -24.218964252106183
          ],
          [
            151.37949756168396,
            -24.316041935147435
          ],
          [
            151.1421343820818,
            -24.41175964426455
          ],
          [
            150.90384148222552,
            -24.506151156354168
          ],
          [
            150.66464792074092,
            -24.599244006526366
          ],
          [
            150.42458139815304,
            -24.69106690417519
          ],
          [
            150.18367098707927,
            -24.781641545176928
          ],
          [
            149.94194478523178,
            -24.870986830009603
          ],
          [
            149.6994296676302,
            -24.959118175999816
          ],
          [
            149.45615133881847,
            -25.04604627816956
          ],
          [
            149.21213481115657,
            -25.131775022287492
          ],
          [
            148.9674034430198,
            -25.216303060571846
          ],
          [
            148.72197877985164,
            -25.29962363739094
          ],
          [
            148.4758805811084,
            -25.38172415398554
          ],
          [
            148.22912674774798,
            -25.462586158026216
          ],
          [
            147.98173329199656,
            -25.542185410271003
          ],
          [
            147.73371434786264,
            -25.620492024167262
          ],
          [
            147.48508210301713,
            -25.697470956692335
          ],
          [
            147.23584683778978,
            -25.773082390225206
          ],
          [
            146.98601777429644,
            -25.847280294883667
          ],
          [
            146.73560235036115,
            -25.920014915377656
          ],
          [
            146.484606232863,
            -25.99123357867475
          ],
          [
            146.2330342978469,
            -26.060879257171383
          ],
          [
            145.98089102950956,
            -26.128890607359253
          ],
          [
            145.72817897820013,
            -26.195206749815657
          ],
          [
            145.47490193895,
            -26.259760691065328
          ],
          [
            145.2210624314151,
            -26.322486524437366
          ],
          [
            144.96666307058862,
            -26.383317242808353
          ],
          [
            144.71170690960273,
            -26.442185022337668
          ],
          [
            144.45619735726692,
            -26.499021588100877
          ],
          [
            144.20013856467463,
            -26.553759059361674
          ],
          [
            143.9435362276766,
            -26.606330677531048
          ],
          [
            143.6863976921548,
            -26.656671870928164
          ],
          [
            143.4287301995457,
            -26.704719200804494
          ],
          [
            143.17054380147854,
            -26.750412449691133
          ],
          [
            142.91184952970897,
            -26.793691957201506
          ],
          [
            142.65266065281008,
            -26.83450160167369
          ],
          [
            142.39299266386575,
            -26.872788732999634
          ],
          [
            142.13286291161873,
            -26.908503261973944
          ],
          [
            141.87229066802783,
            -26.941597823024843
          ],
          [
            141.6112976303961,
            -26.97202900841152
          ],
          [
            141.34990768158573,
            -26.99975683613194
          ],
          [
            141.0881468768272,
            -27.0247447922531
          ],
          [
            140.8260436611178,
            -27.046960459814898
          ],
          [
            140.5636281352835,
            -27.066373883347463
          ],
          [
            140.30093237824636,
            -27.08295851802546
          ],
          [
            140.03799051540898,
            -27.09669160289914
          ],
          [
            139.77483840896602,
            -27.10755366050194
          ],
          [
            139.51151350408813,
            -27.11552841381471
          ],
          [
            139.24805489643944,
            -27.12060211622825
          ],
          [
            138.9845029219303,
            -27.122763990528423
          ],
          [
            138.72089831973304,
            -27.12200766206173
          ],
          [
            138.45728298866192,
            -27.11832871746184
          ],
          [
            138.19369968408986,
            -27.111724801635866
          ],
          [
            137.93019053271976,
            -27.102196337112318
          ],
          [
            137.66679788083806,
            -27.08974778977549
          ],
          [
            137.40356587096016,
            -27.07438540860367
          ],
          [
            137.1405360293462,
            -27.056117662317288
          ],
          [
            136.87775034685254,
            -27.03495692896478
          ],
          [
            136.61524900931792,
            -27.010917002440785
          ],
          [
            136.35307109685903,
            -26.984016478783875
          ],
          [
            136.091254178229,
            -26.954275290014778
          ],
          [
            135.82983427904733,
            -26.921716451262164
          ],
          [
            135.5688454043054,
            -26.88636804133672
          ],
          [
            135.30831943125648,
            -26.848260146472075
          ],
          [
            135.04828420984782,
            -26.807427081474536
          ],
          [
            134.78876564299276,
            -26.763906268223153
          ],
          [
            134.52978727416766,
            -26.717739466612095
          ],
          [
            134.27136805000958,
            -26.668973112770328
          ],
          [
            134.01352464954863,
            -26.61765668099003
          ],
          [
            133.7562697376597,
            -26.563847381456878
          ],
          [
            133.49961212424014,
            -26.507604779327053
          ],
          [
            133.24355756895764,
            -26.44899291012272
          ],
          [
            132.98810752496402,
            -26.38808402477123
          ],
          [
            132.7332595301409,
            -26.324953885325243
          ],
          [
            132.47900741984498,
            -26.259683126102473
          ],
          [
            132.2253414653485,
            -26.192356952177906
          ],
          [
            131.97224681585587,
            -26.123066987734646
          ],
          [
            131.71970605016432,
            -26.051910716091093
          ],
          [
            131.46769814275777,
            -25.978989802885273
          ],
          [
            131.21619850824888,
            -25.90440992326799
          ],
          [
            130.9651785007045,
            -25.8282830380345
          ],
          [
            130.7146067413093,
            -25.75072433412283
          ],
          [
            130.4644492011213,
            -25.671852180108036
          ],
          [
            130.2146691691273,
            -25.591788365630286
          ],
          [
            129.9652267292297,
            -25.510658203517718
          ],
          [
            129.716080566073,
            -25.428589158696113
          ],
          [
            129.4671879304018,
            -25.345711072077822
          ],
          [
            129.2185040555073,
            -25.262153260441224
          ],
          [
            128.96998344097767,
            -25.178046051082436
          ],
          [
            128.72158005549417,
            -25.093519504353868
          ],
          [
            128.47324784188783,
            -25.008700684916214
          ],
          [
            128.2249403380975,
            -24.92371763288159
          ],
          [
            127.97661128748464,
            -24.8386937003431
          ],
          [
            127.7282157330945,
            -24.753749362194316
          ],
          [
            127.4797099358436,
            -24.66900078899284
          ],
          [
            127.23105173295437,
            -24.58455911236344
          ],
          [
            126.98220133380727,
            -24.500529414833753
          ],
          [
            126.7331211710624,
            -24.417010884317037
          ],
          [
            126.48377539826132,
            -24.334096019232984
          ],
          [
            126.23413132545849,
            -24.251868965543366
          ],
          [
            125.98415894870728,
            -24.170404894335512
          ],
          [
            125.73383217973384,
            -24.089772046182116
          ],
          [
            125.48312831861288,
            -24.010029697172016
          ],
          [
            125.23202764103983,
            -23.931226574844004
          ],
          [
            124.98051485721484,
            -23.853403359948825
          ],
          [
            124.72857837641676,
            -23.7765897105161
          ],
          [
            124.47620969724383,
            -23.70080857977833
          ],
          [
            124.22340463787859,
            -23.62607298009172
          ],
          [
            123.97016207366379,
            -23.55238535147599
          ],
          [
            123.71648488139718,
            -23.479740404579715
          ],
          [
            123.46237952742341,
            -23.408124827196225
          ],
          [
            123.2078554982526,
            -23.337514906276375
          ],
          [
            122.95292536493893,
            -23.267881434195754
          ],
          [
            122.69760420279184,
            -23.199188699294247
          ],
          [
            122.4419098152208,
            -23.131394005720146
          ],
          [
            122.1858626394833,
            -23.064450051320105
          ],
          [
            121.92948471193554,
            -22.99830379766418
          ],
          [
            121.67279990761557,
            -22.93289627137028
          ],
          [
            121.41583294512635,
            -22.868168387652716
          ],
          [
            121.15860998409104,
            -22.804058539097063
          ],
          [
            120.90115809446658,
            -22.740501373046122
          ],
          [
            120.64350376842927,
            -22.677432931728497
          ],
          [
            120.38567369426141,
            -22.614788783931417
          ],
          [
            120.12769427636826,
            -22.552505183781214
          ],
          [
            119.86959122850125,
            -22.490520052790725
          ],
          [
            119.61138949409789,
            -22.42877317217462
          ],
          [
            119.35311284977469,
            -22.36720714010303
          ],
          [
            119.09478288780329,
            -22.305769828220864
          ],
          [
            118.83641985807398,
            -22.24441234896825
          ],
          [
            118.57804208064069,
            -22.183090473822574
          ],
          [
            118.31966612194012,
            -22.121764207867763
          ],
          [
            118.06130605257194,
            -22.060399581671213
          ],
          [
            117.80297311694504,
            -21.998969448828355
          ],
          [
            117.54467668756803,
            -21.93745118210214
          ],
          [
            117.28642417151099,
            -21.87582689924297
          ],
          [
            117.02821966559443,
            -21.81408670965173
          ],
          [
            116.77006513337423,
            -21.752225872884914
          ],
          [
            116.51196016839884,
            -21.690245370203417
          ],
          [
            116.25390254198511,
            -21.628150582124405
          ],
          [
            115.99588723627672,
            -21.56595362282462
          ],
          [
            115.73790716434328,
            -21.503671601667406
          ],
          [
            115.47995352806697,
            -21.441325759188125
          ],
          [
            115.22201633384422,
            -21.378940222080338
          ],
          [
            114.96408327233189,
            -21.31654470772689
          ],
          [
            114.70614060907786,
            -21.254172374028542
          ],
          [
            114.448173829348,
            -21.191858262653213
          ],
          [
            114.19016845621684,
            -21.12963732399062
          ],
          [
            113.93210806561726,
            -21.067549209246536
          ],
          [
            113.67397608539163,
            -21.00563392714857
          ],
          [
            113.4157562995685,
            -20.943930626514934
          ],
          [
            113.15743162218028,
            -20.88248055652038
          ],
          [
            112.89898541843897,
            -20.821323877095708
          ],
          [
            112.64040170071517,
            -20.760499185792337
          ],
          [
            112.38166554091366,
            -20.700042522220617
          ],
          [
            112.12276210008375,
            -20.639989710776366
          ],
          [
            111.86367742707172,
            -20.580374432524117
          ],
          [
            111.60439873083624,
            -20.521227567769348
          ],
          [
            111.34491487690818,
            -20.462575997498377
          ],
          [
            111.08521600732406,
            -20.404443520940493
          ],
          [
            110.82529348071132,
            -20.34685100021427
          ],
          [
            110.56514068797817,
            -20.28981439107905
          ],
          [
            110.30475192820901,
            -20.23334745676227
          ],
          [
            110.04412350613981,
            -20.17745911842077
          ],
          [
            109.78325372424358,
            -20.122153474247156
          ],
          [
            109.52214157018136,
            -20.06743296824364
          ],
          [
            109.26078919853093,
            -20.013292398799635
          ],
          [
            108.99919911779955,
            -19.95972570984275
          ],
          [
            108.73737571413606,
            -19.906722312272876
          ],
          [
            108.4753253798104,
            -19.85426677378547
          ],
          [
            108.21305600509945,
            -19.802340045566755
          ],
          [
            107.95057818963036,
            -19.750921122475415
          ],
          [
            107.68790261977595,
            -19.699985213377527
          ],
          [
            107.42504147041686,
            -19.649504138177083
          ],
          [
            107.16200814519358,
            -19.59944699255605
          ],
          [
            106.89881718777265,
            -19.54978040594993
          ],
          [
            106.63548419131499,
            -19.50046881078244
          ],
          [
            106.37202570783298,
            -19.451474719788408
          ],
          [
            106.10845925504437,
            -19.40275877675671
          ],
          [
            105.84480322962135,
            -19.35428004311737
          ],
          [
            105.58107618195648,
            -19.30599783696632
          ],
          [
            105.31729766029667,
            -19.257869795521856
          ],
          [
            105.05348815236016,
            -19.209852129968027
          ],
          [
            104.78966823342392,
            -19.1619018109216
          ],
          [
            104.52585847734754,
            -19.11397692830051
          ],
          [
            104.26208076077113,
            -19.066033705526152
          ],
          [
            103.99835654639989,
            -19.018030826099235
          ],
          [
            103.73470840436326,
            -18.969925963517206
          ],
          [
            103.47115906896286,
            -18.92167828352103
          ],
          [
            103.20773152486628,
            -18.87324848472402
          ],
          [
            102.94444920438895,
            -18.824598596111393
          ],
          [
            102.68133603625009,
            -18.775692159454998
          ],
          [
            102.41841632097028,
            -18.726494857726465
          ],
          [
            102.15571504143908,
            -18.676974121347307
          ],
          [
            101.89325851508755,
            -18.62709793888259
          ],
          [
            101.63107346074001,
            -18.576837524639565
          ],
          [
            101.36918759069596,
            -18.526166333753174
          ],
          [
            101.10762975812511,
            -18.475060180301586
          ],
          [
            100.84643011971438,
            -18.42349734736581
          ],
          [
            100.5856203127065,
            -18.371458689931206
          ],
          [
            100.32523364527198,
            -18.318927731466044
          ],
          [
            100.06530529895208,
            -18.265890754919287
          ],
          [
            99.80587254169599,
            -18.212336888759122
          ],
          [
            99.54697494979939,
            -18.15825818852773
          ],
          [
            99.28865463682625,
            -18.10364971421958
          ],
          [
            99.0309564873719,
            -18.04850960360474
          ],
          [
            98.77392839329796,
            -17.99283914141807
          ],
          [
            98.5176214898498,
            -17.936642824126658
          ],
          [
            98.26209038884822,
            -17.879928419774558
          ],
          [
            98.00739340594465,
            -17.822707022192922
          ],
          [
            97.75359258159928,
            -17.7649935745885
          ],
          [
            97.50075414492045,
            -17.706806286102953
          ],
          [
            97.24894920941459,
            -17.648165440843737
          ],
          [
            96.9982529270853,
            -17.589095870938518
          ],
          [
            96.74874483860022,
            -17.529626473654325
          ],
          [
            96.50050946210006,
            -17.469789073314143
          ],
          [
            96.25363655438784,
            -17.409617984356252
          ],
          [
            96.0082201383643,
            -17.349152452542178
          ],
          [
            95.76435936299939,
            -17.288434561350908
          ],
          [
            95.52215848686505,
            -17.227509133826775
          ],
          [
            95.28172622216414,
            -17.166425048787712
          ],
          [
            95.04317658636998,
            -17.105232779629922
          ],
          [
            94.80662748505003,
            -17.043987265761416
          ],
          [
            94.572201153809,
            -16.98274614519082
          ],
          [
            94.34002435767029,
            -16.92156841792129
          ],
          [
            94.11022693695703,
            -16.860516943883656
          ],
          [
            93.88294287097857,
            -16.79965470425941
          ],
          [
            93.6583083680124,
            -16.7390480851312
          ],
          [
            93.43646185322407,
            -16.678765425644926
          ],
          [
            93.21754436159473,
            -16.61887444049349
          ],
          [
            93.00169732624101,
            -16.559445790378856
          ],
          [
            92.78906366281375,
            -16.500548565000635
          ],
          [
            92.57978570796443,
            -16.44225324325768
          ],
          [
            92.3740046275011,
            -16.38463100203552
          ],
          [
            92.17186091153346,
            -16.327750314030418
          ],
          [
            91.9734922846525,
            -16.271679717931566
          ],
          [
            91.77903317626173,
            -16.216486773926608
          ],
          [
            91.5886138704356,
            -16.16223776640515
          ],
          [
            91.40236076045633,
            -16.108994736107768
          ],
          [
            91.22039412923215,
            -16.05681850549025
          ],
          [
            91.04282774228042,
            -16.005767372706078
          ],
          [
            90.86976818077555,
            -15.955896502285349
          ],
          [
            90.701314834486,
            -15.907255816344966
          ],
          [
            90.53755801251077,
            -15.859892547467574
          ],
          [
            90.37857856352406,
            -15.813850288047103
          ],
          [
            90.22444758833971,
            -15.769167979356919
          ],
          [
            90.07522630047869,
            -15.72587872616145
          ],
          [
            89.93096460150976,
            -15.684011915301552
          ],
          [
            89.79170111016795,
            -15.643592041770722
          ],
          [
            89.65746283750035,
            -15.604638620109688
          ],
          [
            87.5,
            -15.0
          ]
        ]
      }
    },
    {
      "type": "Feature",
      "id": 10,
      "properties": {
        "jet_id": 10,
        "area": 412.0
      },
      "geometry": {
        "type": "LineString",
        "coordinates": [
          [
            1.5000000000000002,
            17.25
          ],
          [
            3.730297213170512,
            17.802151631302586
          ],
          [
            3.8679819387075964,
            17.83790671796461
          ],
          [
            4.010748033587096,
            17.874807942760597
          ],
          [
            4.158564691628833,
            17.912791502860138
          ],
          [
            4.311389446533469,
            17.951784933529243
          ],
          [
            4.469169198878609,
            17.991705585340004
          ],
          [
            4.63183943633469,
            18.03246373367924
          ],
          [
            4.799326062835588,
            18.073959648568874
          ],
          [
            4.971544459846934,
            18.1160875913778
          ],
          [
            5.148401230066956,
            18.15873356322865
          ],
          [
            5.329794927934434,
            18.2017757078368
          ],
          [
            5.515615543940898,
            18.24508790992559
          ],
          [
            5.7057462808543065,
            18.288538024323984
          ],
          [
            5.900063349363051,
            18.33198964176723
          ],
          [
            6.098438130289598,
            18.375302505023104
          ],
          [
            6.300736913192994,
            18.41833393216895
          ],
          [
            6.506822018951264,
            18.460939725872173
          ],
          [
            6.716553051188176,
            18.50297507619907
          ],
          [
            6.929786395033186,
            18.544296223296097
          ],
          [
            7.146376011936203,
            18.584761603641947
          ],
          [
            7.366176227927489,
            18.624232177211262
          ],
          [
            7.589039235910901,
            18.66257393684731
          ],
          [
            7.814819237935305,
            18.699657646050234
          ],
          [
            8.043369168207178,
            18.73536161499903
          ],
          [
            8.274545363332795,
            18.769571136454267
          ],
          [
            8.508203828440703,
            18.802181341669343
          ],
          [
            8.744204937869798,
            18.83309648935029
          ],
          [
            8.982409572718888,
            18.862232717010144
          ],
          [
            9.222683727276408,
            18.889517189435495
          ],
          [
            9.464894631536005,
            18.914890657011235
          ],
          [
            9.708914924882778,
            18.93830656667368
          ],
          [
            9.954619244993497,
            18.959733195183798
          ],
          [
            10.201887634516815,
            18.979152833354117
          ],
          [
            10.45060272628065,
            18.996563417988153
          ],
          [
            10.700652354364209,
            19.011977784151487
          ],
          [
            10.951928154221886,
            19.02542444512525
          ],
          [
            11.204325743755774,
            19.03694716151387
          ],
          [
            11.45774457587601,
            19.046605551833284
          ],
          [
            11.712087777459686,
            19.054475072567747
          ],
          [
            11.967262409015547,
            19.060645790358592
          ],
          [
            12.223178755585037,
            19.06522331185982
          ],
          [
            12.4797508209858,
            19.068326639714826
          ],
          [
            12.736895278478613,
            19.070089599882785
          ],
          [
            12.994532212752391,
            19.070657803810917
          ],
          [
            13.25258369422639,
            19.070190718900026
          ],
          [
            13.510974480352042,
            19.068858495346426
          ],
          [
            13.76963190256504,
            19.066840667416443
          ],
          [
            14.02848422228785,
            19.064328476689777
          ],
          [
            14.28746208246323,
            19.06151966582201
          ],
          [
            14.546496580362362,
            19.058621391125804
          ],
          [
            14.805520519151584,
            19.055845440910918
          ],
          [
            15.06446675460628,
            19.053410464717814
          ],
          [
            15.323268807983716,
            19.05153874724863
          ],
          [
            15.581860729767726,
            19.05045482385217
          ],
          [
            15.840176345120303,
            19.05038563843235
          ],
          [
            16.098149296944353,
            19.05155884149098
          ],
          [
            16.35571295151386,
            19.054201500831468
          ],
          [
            16.612799874904933,
            19.058539943425206
          ],
          [
            16.869342322156168,
            19.064797260280717
          ],
          [
            17.125272233220368,
            19.073192121658668
          ],
          [
            17.380520149350843,
            19.083940328516746
          ],
          [
            17.63501675470369,
            19.097250164849452
          ],
          [
            17.88869128757829,
            19.113325453327942
          ],
          [
            18.14147286753136,
            19.132361722887737
          ],
          [
            18.393290248136967,
            19.154546332462488
          ],
          [
            18.64407230415557,
            19.180056979086586
          ],
          [
            18.89374761067161,
            19.209062555853247
          ],
          [
            19.142244975076277,
            19.24172186567268
          ],
          [
            19.389493993060697,
            19.278182429961706
          ],
          [
            19.635425244184646,
            19.318580315365477
          ],
          [
            19.879970676777237,
            19.363039644595432
          ],
          [
            20.12306402449353,
            19.411672163761878
          ],
          [
            20.364641250415925,
            19.464576866335417
          ],
          [
            20.604641238158035,
            19.521839132741412
          ],
          [
            20.84300591928466,
            19.583531330323158
          ],
          [
            21.07968079842182,
            19.64971253917279
          ],
          [
            21.314615760731023,
            19.72042766777081
          ],
          [
            21.547765127997902,
            19.795708438884926
          ],
          [
            21.779088749760344,
            19.875571917099865
          ],
          [
            22.008551748286987,
            19.96002231048519
          ],
          [
            22.2361260505342,
            20.049048465997686
          ],
          [
            22.461788195540848,
            20.142626497673067
          ],
          [
            22.68552325833609,
            20.240719885488737
          ],
          [
            22.907323666343522,
            20.343278768659303
          ],
          [
            23.127189741786147,
            20.450239722313786
          ],
          [
            23.345130068947118,
            20.56152588461109
          ],
          [
            23.561161354315157,
            20.677048223089233
          ],
          [
            23.77530785502155,
            20.796707746699536
          ],
          [
            23.98760185401492,
            20.92039508405428
          ],
          [
            24.19808468292264,
            21.047988623971808
          ],
          [
            24.406805685442034,
            21.17935750539496
          ],
          [
            24.61382268662801,
            21.31436084364206
          ],
          [
            24.81920171298018,
            21.45284863353535
          ],
          [
            25.023015086413203,
            21.594666444522655
          ],
          [
            25.22534361474305,
            21.739650091996914
          ],
          [
            25.426275128939135,
            21.887628996033815
          ],
          [
            25.625902844186292,
            22.03842983665593
          ],
          [
            25.824326439086732,
            22.19187352323669
          ],
          [
            26.021650413614715,
            22.347778616648693
          ],
          [
            26.21798390490672,
            22.50596112322801
          ],
          [
            26.413440501542887,
            22.66623419336316
          ],
          [
            26.608136223113235,
            22.828412161316734
          ],
          [
            26.802189938273496,
            22.99230862174735
          ],
          [
            26.99572167572778,
            23.15773952964044
          ],
          [
            27.188852328013603,
            23.324522887601997
          ],
          [
            27.381703304064285,
            23.492478520543337
          ],
          [
            27.57439362668289,
            23.661432699592524
          ],
          [
            27.76704211312897,
            23.83121432055963
          ],
          [
            27.959765166376698,
            24.001657638132823
          ],
          [
            28.15267536046846,
            24.17260319262388
          ],
          [
            28.345883174358253,
            24.343897384632115
          ],
          [
            28.53949379092617,
            24.515394042950135
          ],
          [
            28.733607413807274,
            24.686953555877786
          ],
          [
            28.92831848705452,
            24.858446109260687
          ],
          [
            29.123715911587862,
            25.029749141028528
          ],
          [
            29.319882413588246,
            25.200748112947046
          ],
          [
            29.516894093004282,
            25.371336930323547
          ],
          [
            29.714820159699656,
            25.541417995635822
          ],
          [
            29.913722736406353,
            25.710902190450085
          ],
          [
            30.113656727481732,
            25.879708789195828
          ],
          [
            30.314669751467655,
            26.04776530931135
          ],
          [
            30.516802233343064,
            26.21500754177336
          ],
          [
            30.720087607376218,
            26.381379658911943
          ],
          [
            30.92455197448694,
            26.54683102484508
          ],
          [
            31.130215577009402,
            26.711320178344753
          ],
          [
            31.337090423209858,
            26.874810392495416
          ],
          [
            31.545183037137736,
            27.037271660845224
          ],
          [
            31.754493173285667,
            27.198682556166165
          ],
          [
            31.96501467061605,
            27.359022701606797
          ],
          [
            32.17673601078167,
            27.518279470709988
          ],
          [
            32.38964027154042,
            27.676445755091468
          ],
          [
            32.60370469374024,
            27.833516901805652
          ],
          [
            32.818903195859114,
            27.989492184290313
          ],
          [
            33.03520499234555,
            28.144375361140625
          ],
          [
            33.25257421796286,
            28.29817256750836
          ],
          [
            33.47097198652205,
            28.450893341190014
          ],
          [
            33.6903564821197,
            28.602549717899347
          ],
          [
            33.91068202867329,
            28.75315621098254
          ],
          [
            34.131899057449345,
            28.90272999974826
          ],
          [
            34.35395606256895,
            29.05128990227399
          ],
          [
            34.57679914605763,
            29.198857777285205
          ],
          [
            34.800370953434616,
            29.34545671278406
          ],
          [
            35.02461104211199,
            29.491113325084726
          ],
          [
            35.249457616980095,
            29.63585492984502
          ],
          [
            35.47484605658608,
            29.77971437864243
          ],
          [
            35.70070872365675,
            29.92272402502359
          ],
          [
            35.926976250126074,
            30.064918910231377
          ],
          [
            36.15357698459255,
            30.206337163089145
          ],
          [
            36.38043585771556,
            30.34702231189115
          ],
          [
            36.60747609004323,
            30.487019329713412
          ],
          [
            36.834618651467295,
            30.62637611730262
          ],
          [
            37.061781634363356,
            30.765145211134637
          ],
          [
            37.28888108181075,
            30.903382002761525
          ],
          [
            37.51583160913175,
            31.041143488615006
          ],
          [
            37.74254433408053,
            31.178493555880987
          ],
          [
            37.96892868898034,
            31.315498941786938
          ],
          [
            38.19489261163487,
            31.452229158245665
          ],
          [
            38.42034280923073,
            31.588756297006082
          ],
          [
            38.64518488808607,
            31.725155219836164
          ],
          [
            38.86932249538589,
            31.86150619849672
          ],
          [
            39.09265940763684,
            31.997890507362513
          ],
          [
            39.31509960952881,
            32.134390935091126
          ],
          [
            39.53654823798827,
            32.271090274350215
          ],
          [
            39.75690985172285,
            32.40807633302378
          ],
          [
            39.976091814117204,
            32.54543466158382
          ],
          [
            40.194003904247666,
            32.6832504421046
          ],
          [
            40.410558709679094,
            32.82160853842289
          ],
          [
            40.625672992424505,
            32.960591236849226
          ],
          [
            40.83926724263963,
            33.10028039197589
          ],
          [
            41.05126837226598,
            33.24075201039548
          ],
          [
            41.261609164768835,
            33.38207867155054
          ],
          [
            41.47022845557824,
            33.52433017628054
          ],
          [
            41.67707412307096,
            33.66756738709249
          ],
          [
            41.88210140309036,
            33.811847319878936
          ],
          [
            42.085275503414756,
            33.95721893194416
          ],
          [
            42.2865710255216,
            34.103722614403885
          ],
          [
            42.485972338993534,
            34.25139236419137
          ],
          [
            42.68347537034789,
            34.40025138717249
          ],
          [
            42.87908609664448,
            34.55031558944912
          ],
          [
            43.07282349669895,
            34.70158933111422
          ],
          [
            43.26471819355823,
            34.85406838860554
          ],
          [
            43.454811799260945,
            35.00773790505621
          ],
          [
            43.64315906699321,
            35.1625734446122
          ],
          [
            43.82982480776754,
            35.318541302905075
          ],
          [
            44.014887719647966,
            35.47559656945038
          ],
          [
            44.19843555022979,
            35.633686060998876
          ],
          [
            44.38056871430831,
            35.792747333837504
          ],
          [
            44.561395924406185,
            35.952709845742014
          ],
          [
            44.7410371148432,
            36.11349536218413
          ],
          [
            44.919619134420266,
            36.275018618481276
          ],
          [
            45.097278024718236,
            36.43718882809567
          ],
          [
            45.274154922146465,
            36.59991014665022
          ],
          [
            45.450398309235894,
            36.76308188264863
          ],
          [
            45.62615956869495,
            36.926600898909626
          ],
          [
            45.80159501508138,
            37.09036077641632
          ],
          [
            45.976861475670745,
            37.25425540009682
          ],
          [
            46.15211679200401,
            37.4181789874313
          ],
          [
            46.32751857202686,
            37.582026915931245
          ],
          [
            46.50322281165253,
            37.74569653267534
          ],
          [
            46.679383153557445,
            37.909087011964004
          ],
          [
            46.85614796354019,
            38.07210452659052
          ],
          [
            47.03366099943249,
            38.23465881261923
          ],
          [
            47.21205927580822,
            38.39666659166548
          ],
          [
            47.39147290010793,
            38.558050340761454
          ],
          [
            47.57202321845708,
            38.718741267714094
          ],
          [
            47.75382317584761,
            38.87867708098009
          ],
          [
            47.93697561246921,
            39.037804896094805
          ],
          [
            48.12157269696082,
            39.19608156242129
          ],
          [
            48.3076971296851,
            39.353469890346815
          ],
          [
            48.49541915931756,
            39.509945165639714
          ],
          [
            48.68479869038921,
            39.66548955605457
          ],
          [
            48.8758836649631,
            39.820095696517015
          ],
          [
            49.0687115012934,
            39.973763075709975
          ],
          [
            49.263308451501906,
            40.12649962380568
          ],
          [
            49.459689044467375,
            40.27832326496866
          ],
          [
            49.65785826912372,
            40.42925701557743
          ],
          [
            49.85781033228996,
            40.57933250316597
          ],
          [
            50.059530704378574,
            40.72858568623423
          ],
          [
            50.26299539858351,
            40.87705937776103
          ],
          [
            50.46817278435119,
            41.024799760267896
          ],
          [
            50.67502260677894,
            41.17185974053561
          ],
          [
            50.88349947864451,
            41.318291584394885
          ],
          [
            51.0935503847293,
            41.464154068649805
          ],
          [
            51.30511884595363,
            41.609503599937256
          ],
          [
            51.51814324621209,
            41.75439945514649
          ],
          [
            51.732557843039416,
            41.89890255604148
          ],
          [
            51.94829477030426,
            42.04307184769708
          ],
          [
            52.16528416589283,
            42.186965188583024
          ],
          [
            52.383454817860695,
            42.330638961232346
          ],
          [
            52.60273467023278,
            42.47414798257167
          ],
          [
            52.82305163553934,
            42.61754462443554
          ],
          [
            53.044334168013485,
            42.760878453895664
          ],
          [
            53.26651178264819,
            42.9041959390303
          ],
          [
            53.4895155179364,
            43.047540219570045
          ],
          [
            53.71327815795431,
            43.19095138306555
          ],
          [
            53.93773494651039,
            43.334465474621965
          ],
          [
            54.16282379737884,
            43.47811464302446
          ],
          [
            54.38848524390635,
            43.62192783545054
          ],
          [
            54.61466305854603,
            43.76592979489386
          ],
          [
            54.8413038109616,
            43.910142541869305
          ],
          [
            55.068357684609836,
            44.05458374225636
          ],
          [
            55.295777508098446,
            44.199269312813264
          ],
          [
            55.52351951914251,
            44.344210176719486
          ],
          [
            55.751543725651125,
            44.48941422511581
          ],
          [
            55.97981357332861,
            44.63488788809776
          ],
          [
            56.208295072689765,
            44.7806350200853
          ],
          [
            56.43695704152308,
            44.92665771389149
          ],
          [
            56.66577174522473,
            45.072954682566724
          ],
          [
            56.8947143331203,
            45.219522510271375
          ],
          [
            57.12376308963047,
            45.36635490351489
          ],
          [
            57.35289843407861,
            45.5134449361188
          ],
          [
            57.5821036472934,
            45.66078310287273
          ],
          [
            57.811364324603566,
            45.80835843007254
          ],
          [
            58.04066831784702,
            45.956158391846316
          ],
          [
            58.270006473007385,
            46.10416689594181
          ],
          [
            58.499371362196044,
            46.252367105398406
          ],
          [
            58.7287577424121,
            46.40074008837828
          ],
          [
            58.95816320577181,
            46.549263005501984
          ],
          [
            59.18758684653718,
            46.69791208723027
          ],
          [
            59.41703032519712,
            46.84665982849488
          ],
          [
            59.64649698357478,
            46.99547630712177
          ],
          [
            59.875991901494274,
            47.14432769858656
          ],
          [
            60.105521910833104,
            47.29317745735261
          ],
          [
            60.3350963820698,
            47.44198588976375
          ],
          [
            60.564727178639146,
            47.59070843717618
          ],
          [
            60.79442789180863,
            47.73929729562184
          ],
          [
            61.02421444256002,
            47.88769973928849
          ],
          [
            61.25410534374607,
            48.035858328163464
          ],
          [
            61.48412022242264,
            48.183711754290144
          ],
          [
            61.714280818879985,
            48.33119393908145
          ],
          [
            61.94461145737346,
            48.47823374263193
          ],
          [
            62.17513673197725,
            48.62475586101729
          ],
          [
            62.40588409176388,
            48.770679731480584
          ],
          [
            62.636882990507985,
            48.91591990015019
          ],
          [
            62.86816365413511,
            49.06038658928054
          ],
          [
            63.099757637325276,
            49.20398556565894
          ],
          [
            63.33169762581981,
            49.34661836415518
          ],
          [
            63.56401721290011,
            49.488182564484006
          ],
          [
            63.79675064957698,
            49.62857212055211
          ],
          [
            64.02993256837676,
            49.76767774099444
          ],
          [
            64.26359768096022,
            49.90538731876012
          ],
          [
            64.49778045015411,
            50.04158640689216
          ],
          [
            64.73251473731833,
            50.17615873696941
          ],
          [
            64.96783342630047,
            50.3089867760522
          ],
          [
            65.20376750263239,
            50.43995253400428
          ],
          [
            65.44034617301108,
            50.568937960191086
          ],
          [
            65.67759709715726,
            50.69582534440857
          ],
          [
            65.91554487679923,
            50.82049906874485
          ],
          [
            66.15421175746097,
            50.942843474879716
          ],
          [
            66.39361542698691,
            51.06274771948934
          ],
          [
            66.633769979397,
            51.18010296819103
          ],
          [
            66.87468510308432,
            51.29480385839271
          ],
          [
            67.11636538111591,
            51.406749675844345
          ],
          [
            67.35880922526121,
            51.515846402577495
          ],
          [
            67.60200948570123,
            51.62200470987581
          ],
          [
            67.84595281289393,
            51.725140958239486
          ],
          [
            68.09061859700087,
            51.825179216213044
          ],
          [
            68.3359786154589,
            51.9220515738188
          ],
          [
            68.58199725268243,
            52.015697084817916
          ],
          [
            68.82863117345799,
            52.106062044441735
          ],
          [
            69.07582795071514,
            52.1931028151603
          ],
          [
            69.32352649546173,
            52.27678433301325
          ],
          [
            69.57165697255347,
            52.3570798948528
          ],
          [
            69.82014078444661,
            52.433970829763176
          ],
          [
            70.06888906691977,
            52.50744982029585
          ],
          [
            70.31780434238759,
            52.5775166673647
          ],
          [
            70.56677921601535,
            52.64418127075184
          ],
          [
            70.8156965522419,
            52.7074631214653
          ],
          [
            71.06443022621484,
            52.7673895014661
          ],
          [
            71.31284488497585,
            52.82399617857634
          ],
          [
            71.56079584476899,
            52.87732788598633
          ],
          [
            71.80812965777898,
            52.927437306925974
          ],
          [
            72.05468495887294,
            52.97438351191179
          ],
          [
            72.30029208702126,
            53.018233488975156
          ],
          [
            72.54477353302845,
            53.059061818814925
          ],
          [
            72.78794579298584,
            53.09694709967101
          ],
          [
            73.02961865477086,
            53.131974714852994
          ],
          [
            73.26959640644962,
            53.16423510618405
          ],
          [
            73.50767839918544,
            53.193823750050164
          ],
          [
            73.74366042483001,
            53.22083930733854
          ],
          [
            73.97733543503408,
            53.245383498183834
          ],
          [
            74.2084941661999,
            53.2675613313884
          ],
          [
            74.43692636466463,
            53.28748000223253
          ],
          [
            74.66242143335563,
            53.30524929244167
          ],
          [
            74.88477078774535,
            53.32097793493479
          ],
          [
            75.10376759764304,
            53.33477636508751
          ],
          [
            75.31920839685527,
            53.346755020074625
          ],
          [
            75.53089398354126,
            53.35702438866349
          ],
          [
            75.7386310852775,
            53.36569323198253
          ],
          [
            75.94223325846339,
            53.372868647867506
          ],
          [
            76.1415215594271,
            53.37865665859853
          ],
          [
            76.336325796774,
            53.383161344199664
          ],
          [
            76.52648613973373,
            53.38648304147965
          ],
          [
            76.71185298614775,
            53.38872064643074
          ],
          [
            76.89228910501527,
            53.38996830421472
          ],
          [
            77.06766936337443,
            53.39031778794104
          ],
          [
            77.23788147810397,
            53.38985823920194
          ],
          [
            77.4028279070963,
            53.388672974947994
          ],
          [
            77.56242470830296,
            53.38684341442949
          ],
          [
            77.71660355637098,
            53.38444516798396
          ],
          [
            77.86531065021738,
            53.38155140429552
          ],
          [
            80.25,
            53.25
          ]
        ]
      }
    },
    {
      "type": "Feature",
      "id": 11,
      "properties": {
        "jet_id": 11,
        "area": 603.0
      },
      "geometry": {
        "type": "LineString",
        "coordinates": [
          [
            68.25,
            29.0
          ],
          [
            70.4455748562866,
            29.36088715810788
          ],
          [
            70.58274626951896,
            29.38328318381516
          ],
          [
            70.72505970576744,
            29.40650871500604
          ],
          [
            70.87248372062201,
            29.430557151779574
          ],
          [
            71.0249745057807,
            29.45541960091277
          ],
          [
            71.18247623391669,
            29.48108489336603
          ],
          [
            71.34492149118365,
            29.507539614940416
          ],
          [
            71.51223163917913,
            29.534768518789964
          ],
          [
            71.68431729058037,
            29.56275485941437
          ],
          [
            71.86108007221479,
            29.591477796592002
          ],
          [
            72.04241206344831,
            29.620915569948924
          ],
          [
            72.2281970098715,
            29.651044524648533
          ],
          [
            72.41831113852673,
            29.6818392136098
          ],
          [
            72.61262400696565,
            29.713272509253144
          ],
          [
            72.81099937658463,
            29.74531572398428
          ],
          [
            73.0132961006521,
            29.77793873858563
          ],
          [
            73.21936901755241,
            29.811110137649766
          ],
          [
            73.42906984002227,
            29.84479735115884
          ],
          [
            73.64224803153651,
            29.87896680128746
          ],
          [
            73.85875166150339,
            29.91358405348316
          ],
          [
            74.07842809972409,
            29.948614289079263
          ],
          [
            74.3011246314738,
            29.984022885069123
          ],
          [
            74.52669034875484,
            30.019772812354475
          ],
          [
            74.75497560150103,
            30.055827810126853
          ],
          [
            74.98583303733612,
            30.092151598497942
          ],
          [
            75.21911820909693,
            30.128707998195726
          ],
          [
            75.45469010781387,
            30.165461086179644
          ],
          [
            75.69241134459408,
            30.20237604942388
          ],
          [
            75.93214896752175,
            30.239418352897676
          ],
          [
            76.17377517271073,
            30.27655300912071
          ],
          [
            76.41716678258622,
            30.313746670634853
          ],
          [
            76.6622058036095,
            30.350966965719476
          ],
          [
            76.90877959769534,
            30.388182620131346
          ],
          [
            77.15678060116858,
            30.425364530183423
          ],
          [
            77.40610720087146,
            30.462483908098843
          ],
          [
            77.65666353593933,
            30.499512894875934
          ],
          [
            77.90835902730794,
            30.536425713151974
          ],
          [
            78.16110815039626,
            30.573199125200606
          ],
          [
            78.41483115762092,
            30.60981050005529
          ],
          [
            78.66945340668025,
            30.64623915914684
          ],
          [
            78.92490521774916,
            30.68246636802963
          ],
          [
            79.18112202604479,
            30.718474548434596
          ],
          [
            79.4380434803907,
            30.754248978564128
          ],
          [
            79.69561427984627,
            30.78977525092497
          ],
          [
            79.95378257795988,
            30.82504256555533
          ],
          [
            80.21250133519239,
            30.860039877870456
          ],
          [
            80.47172635479248,
            30.894760033916192
          ],
          [
            80.73141636423418,
            30.929197054886966
          ],
          [
            80.99153478064402,
            30.96334607090121
          ],
          [
            81.2520476418967,
            30.997204037408018
          ],
          [
            81.51292319646336,
            31.030769762350634
          ],
          [
            81.77413198283234,
            31.06404373039927
          ],
          [
            82.03564803873667,
            31.09702746101197
          ],
          [
            82.29744678332277,
            31.12972424828304
          ],
          [
            82.5595054941255,
            31.16213883142622
          ],
          [
            82.82180310713929,
            31.19427735272563
          ],
          [
            83.08432002551442,
            31.226147320513537
          ],
          [
            83.34703793672863,
            31.25775757860448
          ],
          [
            83.60993963792768,
            31.28911828351978
          ],
          [
            83.87300886900687,
            31.320240890713993
          ],
          [
            84.13623015291387,
            31.351138150867857
          ],
          [
            84.399588479394,
            31.381824184742474
          ],
          [
            84.66306801595923,
            31.41231473656122
          ],
          [
            84.92665336202963,
            31.442626206846576
          ],
          [
            85.19033122766086,
            31.47277723103221
          ],
          [
            85.45408615795564,
            31.502787028343207
          ],
          [
            85.71790346216201,
            31.53267674707424
          ],
          [
            85.98176871988966,
            31.562469404077785
          ],
          [
            86.24566644979818,
            31.59218948897457
          ],
          [
            86.50958041631775,
            31.621863257848936
          ],
          [
            86.77349414700568,
            31.651519124265775
          ],
          [
            87.0373892442663,
            31.68118714558074
          ],
          [
            87.30124762997652,
            31.71090014578814
          ],
          [
            87.56504821697122,
            31.740692535720754
          ],
          [
            87.82877051529294,
            31.770602009681113
          ],
          [
            88.0923903260671,
            31.800667966567282
          ],
          [
            88.35588362263584,
            31.830933321965777
          ],
          [
            88.61922292283448,
            31.86144320732002
          ],
          [
            88.88237905176963,
            31.892245896810067
          ],
          [
            89.14532072189463,
            31.92339282249136
          ],
          [
            89.40801417861341,
            31.954938606367058
          ],
          [
            89.67042281240752,
            31.986939842772415
          ],
          [
            89.9325080334657,
            32.01945729621299
          ],
          [
            90.19422849720077,
            32.052554458678124
          ],
          [
            90.45553885126806,
            32.08630019011987
          ],
          [
            90.7163908447903,
            32.12076563135634
          ],
          [
            90.9767327521728,
            32.15602516146753
          ],
          [
            91.23650915951563,
            32.1921564559515
          ],
          [
            91.49566097424176,
            32.229239983092384
          ],
          [
            91.75412511328784,
            32.26735925482302
          ],
          [
            92.01183368002245,
            32.306602292206115
          ],
          [
            92.26871495036377,
            32.347058705735655
          ],
          [
            92.52469275439685,
            32.388820634701254
          ],
          [
            92.77968635073907,
            32.431982485816
          ],
          [
            93.03361031299329,
            32.476640635518955
          ],
          [
            93.28637473222608,
            32.52289236679038
          ],
          [
            93.53788443622823,
            32.570837182362844
          ],
          [
            93.78803910873802,
            32.62057595379406
          ],
          [
            94.03673377526903,
            32.672209200535086
          ],
          [
            94.28385845776265,
            32.7258373977939
          ],
          [
            94.52929817798517,
            32.781560472302786
          ],
          [
            94.77293298861444,
            32.839477269310585
          ],
          [
            95.01463846653586,
            32.89968395048222
          ],
          [
            95.25428456644391,
            32.96227640626736
          ],
          [
            95.49173679062092,
            33.02734714185345
          ],
          [
            95.72685628720596,
            33.094984824952405
          ],
          [
            95.9594998944011,
            33.16527404883166
          ],
          [
            96.1895204689044,
            33.2382945035843
          ],
          [
            96.4167673817953,
            33.314119847069875
          ],
          [
            96.64108575953018,
            33.39281971851511
          ],
          [
            96.86231813925464,
            33.474456045155485
          ],
          [
            97.08030460978705,
            33.55908313442649
          ],
          [
            97.2948834366598,
            33.64674673419648
          ],
          [
            97.50589051114567,
            33.73748607475371
          ],
          [
            97.71316121442179,
            33.831330227411414
          ],
          [
            97.91653067122925,
            33.92829850171382
          ],
          [
            98.11583439021852,
            34.02840006120128
          ],
          [
            98.31090917168008,
            34.13163304557745
          ],
          [
            98.50159375781266,
            34.237984464281354
          ],
          [
            98.6877289535501,
            34.3474315139597
          ],
          [
            98.86915963870631,
            34.45993846936883
          ],
          [
            99.0457351684815,
            34.57545759617706
          ],
          [
            99.2173104986809,
            34.69392843460298
          ],
          [
            99.38374679184585,
            34.81527844389356
          ],
          [
            99.5449119520874,
            34.9394239116538
          ],
          [
            99.70068250879025,
            35.066267682480785
          ],
          [
            99.85094411623453,
            35.19570028497847
          ],
          [
            99.99559246895988,
            35.327600091419086
          ],
          [
            100.13453419029076,
            35.46183355646485
          ],
          [
            100.26768768404914,
            35.59825553571595
          ],
          [
            100.39498393934294,
            35.7367096842349
          ],
          [
            100.51636770541717,
            35.877027903461574
          ],
          [
            100.63179695198647,
            36.01903384397573
          ],
          [
            100.74124448157605,
            36.16254110440705
          ],
          [
            100.84469840069214,
            36.30735405232141
          ],
          [
            100.94216237386927,
            36.453269012487134
          ],
          [
            101.03365594640889,
            36.60007510999776
          ],
          [
            101.11921475843208,
            36.747555175590776
          ],
          [
            101.1988906446361,
            36.89548670780273
          ],
          [
            101.27275161537382,
            37.04364288594191
          ],
          [
            101.34088171601978,
            37.19179362723423
          ],
          [
            101.40338076301913,
            37.33970668091493
          ],
          [
            101.46036428188005,
            37.48714796601727
          ],
          [
            101.51196220307028,
            37.63388463434259
          ],
          [
            101.55831857193688,
            37.77968541049755
          ],
          [
            101.59959122905776,
            37.924320730529196
          ],
          [
            101.63595066469323,
            38.067564607176486
          ],
          [
            101.66757906749545,
            38.20919576772991
          ],
          [
            101.6946692813144,
            38.3489987674709
          ],
          [
            101.71742373482475,
            38.486764937611554
          ],
          [
            101.73605351527992,
            38.62229277217995
          ],
          [
            101.75077595903488,
            38.75539170320539
          ],
          [
            101.76181457212226,
            38.88588008091616
          ],
          [
            101.76939739330558,
            39.01358676904869
          ],
          [
            101.77375556123943,
            39.13835212846122
          ],
          [
            101.77512196223137,
            39.26002871442883
          ],
          [
            101.77372988803933,
            39.37848188584116
          ],
          [
            101.76981194412632,
            39.49358977394884
          ],
          [
            101.76359838613186,
            39.60524462360109
          ],
          [
            101.75531557650768,
            39.71335386372853
          ],
          [
            101.25,
            41.5
          ]
        ]
      }
    },
    {
      "type": "Feature",
      "id": 12,
      "properties": {
        "jet_id": 12,
        "area": 162.0
      },
      "geometry": {
        "type": "LineString",
        "coordinates": [
          [
            -167.0,
            35.0
          ],
          [
            -167.5276000356051,
            37.2295757082592
          ],
          [
            -167.5683502313349,
            37.36548766224848
          ],
          [
            -167.61141159806738,
            37.506146369407
          ],
          [
            -167.6568490909478,
            37.651485345004474
          ],
          [
            -167.70472471229377,
            37.80142343310528
          ],
          [
            -167.75509870215083,
            37.95586858626568
          ],
          [
            -167.80802817412354,
            38.11471551440821
          ],
          [
            -167.86356714574248,
            38.2778467252019
          ],
          [
            -167.92176647342524,
            38.445133346497784
          ],
          [
            -167.98267373073378,
            38.61643581168746
          ],
          [
            -168.0463331134123,
            38.79160459703908
          ],
          [
            -168.11278537228316,
            38.970481001430315
          ],
          [
            -168.18206775999275,
            39.15289792301524
          ],
          [
            -168.2542134967548,
            39.33867942726546
          ],
          [
            -168.3292532112554,
            39.5276450261812
          ],
          [
            -168.40721384007765,
            39.71960775578369
          ],
          [
            -168.48811887171644,
            39.914375426272464
          ],
          [
            -168.57198853961853,
            40.11175166970221
          ],
          [
            -168.65883994785656,
            40.31153674123574
          ],
          [
            -168.74868721952515,
            40.51352828874499
          ],
          [
            -168.8415416655383,
            40.71752208414517
          ],
          [
            -168.93741147867948,
            40.92331152175508
          ],
          [
            -169.03630310388675,
            41.130691078991816
          ],
          [
            -169.13822072576176,
            41.33945515117248
          ],
          [
            -169.24316637027383,
            41.549398294162636
          ],
          [
            -169.35114019237295,
            41.760315847796086
          ],
          [
            -169.4621404214796,
            41.97200367343535
          ],
          [
            -169.57616486798923,
            42.18426160944847
          ],
          [
            -169.69320982291885,
            42.39689059252753
          ],
          [
            -169.81327046293728,
            42.609693383375394
          ],
          [
            -169.93634113810901,
            42.82247499039348
          ],
          [
            -170.06241639465003,
            43.035044860286476
          ],
          [
            -170.19148979874205,
            43.247213763622696
          ],
          [
            -170.3235546415381,
            43.45879523660212
          ],
          [
            -170.45860477125638,
            43.669607354689944
          ],
          [
            -170.59663340706297,
            43.87946966862567
          ],
          [
            -170.73763384199881,
            44.08820474458149
          ],
          [
            -170.88159987126394,
            44.29563909262386
          ],
          [
            -171.02852491338973,
            44.50160099742737
          ],
          [
            -171.1784030767485,
            44.70592310858135
          ],
          [
            -171.3312278546393,
            44.90843937273382
          ],
          [
            -171.48699360612466,
            45.10898876046284
          ],
          [
            -171.645693993937,
            45.307411717088755
          ],
          [
            -171.80732222868207,
            45.50355104391308
          ],
          [
            -171.97187150164277,
            45.697253302397144
          ],
          [
            -172.13933498958258,
            45.888369249281396
          ],
          [
            -172.3097048467577,
            46.07675188615097
          ],
          [
            -172.48297188914964,
            46.26225623384919
          ],
          [
            -172.6591263082121,
            46.44474163913341
          ],
          [
            -172.83815615204904,
            46.62407055459253
          ],
          [
            -173.02004829270263,
            46.80010918643369
          ],
          [
            -173.2047895546433,
            46.97272822842633
          ],
          [
            -173.39236297611697,
            47.1418015957717
          ],
          [
            -173.58274982738723,
            47.30720755565831
          ],
          [
            -173.7759307304012,
            47.46882949350258
          ],
          [
            -173.97188176855227,
            47.6265546074175
          ],
          [
            -174.1705780537789,
            47.7802756903336
          ],
          [
            -174.37199044468,
            47.929890069119764
          ],
          [
            -174.5760869840219,
            48.0753004876834
          ],
          [
            -174.78283424644872,
            48.21641593728145
          ],
          [
            -174.99219372093887,
            48.35315040996548
          ],
          [
            -175.2041238882745,
            48.48542398640312
          ],
          [
            -175.41858148330502,
            48.613163557353424
          ],
          [
            -175.63551776198716,
            48.736301443614224
          ],
          [
            -175.8548809647718,
            48.85477654677951
          ],
          [
            -176.07661742556488,
            48.968534900254056
          ],
          [
            -176.30066782020273,
            49.07752816583322
          ],
          [
            -176.5269699888752,
            49.1817148102249
          ],
          [
            -176.75545975090236,
            49.28106040552143
          ],
          [
            -176.98606733941608,
            49.375536070095116
          ],
          [
            -177.2187204373879,
            49.46511959831784
          ],
          [
            -177.45334471904943,
            49.549795511738765
          ],
          [
            -177.68986045809166,
            49.629553436684326
          ],
          [
            -177.9281857637786,
            49.704389184244874
          ],
          [
            -178.16823683498507,
            49.77430455398035
          ],
          [
            -178.409924727717,
            49.8393056548105
          ],
          [
            -178.65315877726127,
            49.89940394656389
          ],
          [
            -178.89784655125652,
            49.95461581210231
          ],
          [
            -179.14389088849038,
            50.0049608935009
          ],
          [
            -179.39119420656903,
            50.050463414284195
          ],
          [
            -179.63965434369752,
            50.0911499744496
          ],
          [
            -179.88916755354992,
            50.127050644426056
          ]
        ]
      }
    },
    {
      "type": "Feature",
      "id": 13,
      "properties": {
        "jet_id": 13,
        "area": 673.0
      },
      "geometry": {
        "type": "LineString",
        "coordinates": [
          [
            -20.0,
            52.0
          ],
          [
            -21.67212997018649,
            53.50789172176714
          ],
          [
            -21.77763662813309,
            53.598700292369806
          ],
          [
            -21.88739395787526,
            53.69223182702218
          ],
          [
            -22.001424341347455,
            53.78836091173998
          ],
          [
            -22.119744304311844,
            53.88694926970062
          ],
          [
            -22.242363578540022,
            53.98784369734833
          ],
          [
            -22.3692852139916,
            54.09087658471537
          ],
          [
            -22.50050552033405,
            54.19586607805597
          ],
          [
            -22.63601555335263,
            54.30262003050583
          ],
          [
            -22.775800017651687,
            54.41093377629729
          ],
          [
            -22.919837648160662,
            54.520591537867496
          ],
          [
            -23.068101492611408,
            54.63136765680488
          ],
          [
            -23.22056005337833,
            54.74302996110828
          ],
          [
            -23.37717637342389,
            54.85533822791977
          ],
          [
            -23.537908400246643,
            54.96804578618416
          ],
          [
            -23.702709646509973,
            55.08090188435802
          ],
          [
            -23.871529783004142,
            55.19365393639559
          ],
          [
            -24.044313756671166,
            55.30604624009527
          ],
          [
            -24.221002868032773,
            55.417823449401446
          ],
          [
            -24.401535202605135,
            55.52873249998299
          ],
          [
            -24.585845139905228,
            55.63852230933898
          ],
          [
            -24.773863869199346,
            55.74694589672332
          ],
          [
            -24.965519091813952,
            55.85376051610261
          ],
          [
            -25.160736412126763,
            55.95873183015193
          ],
          [
            -25.359438758263085,
            56.06163327918291
          ],
          [
            -25.56154646705038,
            56.16224699314066
          ],
          [
            -25.76697750112406,
            56.260364950373386
          ],
          [
            -25.975647365451252,
            56.355789327569916
          ],
          [
            -26.18747053835236,
            56.44833641295505
          ],
          [
            -26.402359285921687,
            56.53783410066914
          ],
          [
            -26.620224251607375,
            56.624123561605266
          ],
          [
            -26.84097433332009,
            56.70705907914174
          ],
          [
            -27.064517261264026,
            56.786509457218365
          ],
          [
            -27.290760107585335,
            56.862359141816256
          ],
          [
            -27.519608652332796,
            56.9345064584051
          ],
          [
            -27.75096788002798,
            57.00286445677203
          ],
          [
            -27.98474168032931,
            57.067359714670616
          ],
          [
            -28.220834124148727,
            57.12793482934407
          ],
          [
            -28.459149023472097,
            57.184546655566955
          ],
          [
            -28.699589924246315,
            57.23716548628239
          ],
          [
            -28.942059939592543,
            57.28577375318023
          ],
          [
            -29.186463376832403,
            57.33036897283032
          ],
          [
            -29.43270478996694,
            57.37096040265698
          ],
          [
            -29.68068933992176,
            57.407568790701426
          ],
          [
            -29.93032308876634,
            57.44022591433939
          ],
          [
            -30.181512931567692,
            57.46897320470355
          ],
          [
            -30.43416711055394,
            57.49386174982265
          ],
          [
            -30.68819568004788,
            57.51495216416323
          ],
          [
            -30.943509934231983,
            57.53231195164555
          ],
          [
            -31.200023694846724,
            57.54601736816013
          ],
          [
            -31.457652426538196,
            57.55615006006992
          ],
          [
            -31.71631379334661,
            57.56279721305194
          ],
          [
            -31.97592741937295,
            57.566049820596255
          ],
          [
            -32.23641584592945,
            57.566003890940344
          ],
          [
            -32.497704453794185,
            57.56275921335895
          ],
          [
            -32.75972071751056,
            57.55641657658503
          ],
          [
            -33.022395468007254,
            57.54707990627953
          ],
          [
            -33.285662630274345,
            57.53485479620203
          ],
          [
            -33.549458500968186,
            57.519846007507056
          ],
          [
            -33.81372304745187,
            57.50215992955196
          ],
          [
            -34.07839945664738,
            57.48190289814425
          ],
          [
            -34.34343391098012,
            57.459180145222284
          ],
          [
            -34.608775253154036,
            57.43409456279061
          ],
          [
            -34.874376397118084,
            57.40674976374748
          ],
          [
            -35.14019324570645,
            57.37724720226816
          ],
          [
            -35.406184237323075,
            57.345684888858514
          ],
          [
            -35.67231184887647,
            57.31216090065417
          ],
          [
            -35.93854086208069,
            57.27676914611587
          ],
          [
            -36.20483979298992,
            57.239602830212604
          ],
          [
            -36.47117997348229,
            57.200752309772604
          ],
          [
            -36.737534923718435,
            57.16030370502072
          ],
          [
            -37.00388180861175,
            57.118342590756136
          ],
          [
            -37.270200233735544,
            57.07495130735296
          ],
          [
            -37.53647172584825,
            57.03020796215954
          ],
          [
            -37.80268114123515,
            56.98419011730161
          ],
          [
            -38.06881533149943,
            56.93697188341169
          ],
          [
            -38.33486275462475,
            56.88862331744517
          ],
          [
            -38.600814800370586,
            56.83921397646023
          ],
          [
            -38.866663871346205,
            56.78880865158061
          ],
          [
            -39.132404924923,
            56.73747146559788
          ],
          [
            -39.398034265557655,
            56.685263337008806
          ],
          [
            -39.66354749398101,
            56.632240926045924
          ],
          [
            -39.92894459566127,
            56.57845968172892
          ],
          [
            -40.1942249584151,
            56.52397262551544
          ],
          [
            -40.459390537258344,
            56.46882982443357
          ],
          [
            -40.72444296557848,
            56.41307834683586
          ],
          [
            -40.98938474391434,
            56.356763107842745
          ],
          [
            -41.254219198976315,
            56.29992709924298
          ],
          [
            -41.518950365757846,
            56.24261092820813
          ],
          [
            -41.78358231500148,
            56.184850814969096
          ],
          [
            -42.04811788390596,
            56.12668128772629
          ],
          [
            -42.312561176094576,
            56.068134454356624
          ],
          [
            -42.57691630443772,
            56.00923996171367
          ],
          [
            -42.84118736117876,
            55.95002319062953
          ],
          [
            -43.10537718328447,
            55.890507985878244
          ],
          [
            -43.36948896369443,
            55.83071650998362
          ],
          [
            -43.633525231165855,
            55.770665770300035
          ],
          [
            -43.8974882347651,
            55.71037103636734
          ],
          [
            -44.16137904153318,
            55.649846054393706
          ],
          [
            -44.42519832338506,
            55.58910033014844
          ],
          [
            -44.6889473583889,
            55.52814108113755
          ],
          [
            -44.95262433175354,
            55.46697313457106
          ],
          [
            -45.21622775149526,
            55.405597973275896
          ],
          [
            -45.479755614280606,
            55.344015159871134
          ],
          [
            -45.74320545646238,
            55.28222254286254
          ],
          [
            -46.006573391344276,
            55.22021400675458
          ],
          [
            -46.26985484037114,
            55.15798130378939
          ],
          [
            -46.533044738702365,
            55.095514609498885
          ],
          [
            -46.79613651413277,
            55.03280189363987
          ],
          [
            -47.059124105094334,
            54.969828310956025
          ],
          [
            -47.32199975138928,
            54.90657649239435
          ],
          [
            -47.584755067979856,
            54.84302859682023
          ],
          [
            -47.84738155143338,
            54.779166154258526
          ],
          [
            -48.109869977400926,
            54.71496745441589
          ],
          [
            -48.37221010224349,
            54.650408182949946
          ],
          [
            -48.63439248493432,
            54.58546378764017
          ],
          [
            -48.89640543392376,
            54.52010859585474
          ],
          [
            -49.15823807515645,
            54.454317090682
          ],
          [
            -49.4198784527646,
            54.38806057716198
          ],
          [
            -49.68131522412349,
            54.32131104256525
          ],
          [
            -49.94253616894904,
            54.25403805464773
          ],
          [
            -50.20352874980958,
            54.186213747348646
          ],
          [
            -50.46428026840607,
            54.11780746426237
          ],
          [
            -50.72477832053615,
            54.04878925899524
          ],
          [
            -50.985010120684116,
            53.97912826458189
          ],
          [
            -51.244963463230874,
            53.90879501405119
          ],
          [
            -51.50462542191935,
            53.83775830065796
          ],
          [
            -51.76398321075014,
            53.765987256269085
          ],
          [
            -52.02302443720232,
            53.693451962692336
          ],
          [
            -52.2817367312257,
            53.620122555984935
          ],
          [
            -52.540108136893295,
            53.54597017198575
          ],
          [
            -52.79812662149242,
            53.47096576115657
          ],
          [
            -53.05578082338082,
            53.39508189406668
          ],
          [
            -53.31305950533252,
            53.31829144165261
          ],
          [
            -53.56995195277065,
            53.24056853663768
          ],
          [
            -53.82644696287281,
            53.16188613301599
          ],
          [
            -54.08253492743265,
            53.08222103452557
          ],
          [
            -54.3382060819823,
            53.00154966765567
          ],
          [
            -54.59345096348749,
            52.91984918662045
          ],
          [
            -54.84826129830272,
            52.83709961707289
          ],
          [
            -55.1026288037294,
            52.75328096280969
          ],
          [
            -55.3565467227434,
            52.668376910931556
          ],
          [
            -55.610007694568836,
            52.58236969095341
          ],
          [
            -55.86300525795784,
            52.4952437040432
          ],
          [
            -56.11553440846498,
            52.40698686840081
          ],
          [
            -56.367590081675395,
            52.31758695744713
          ],
          [
            -56.619168860796506,
            52.227035722315286
          ],
          [
            -56.870267718825325,
            52.13532585517358
          ],
          [
            -57.120884511067906,
            52.04245217827272
          ],
          [
            -57.37101786649346,
            51.94841138165168
          ],
          [
            -57.6206670073445,
            51.853201587637734
          ],
          [
            -57.8698330131398,
            51.75682540241975
          ],
          [
            -58.11851765180044,
            51.6592870941368
          ],
          [
            -58.36672323189441,
            51.56059223616508
          ],
          [
            -58.6144534166173,
            51.46074967224087
          ],
          [
            -58.861712927357445,
            51.359770800804206
          ],
          [
            -59.10850730431623,
            51.25766899708418
          ],
          [
            -59.3548433760459,
            51.15446074666439
          ],
          [
            -59.600729181300814,
            51.050165456814504
          ],
          [
            -59.84617333318836,
            50.94480392141525
          ],
          [
            -60.091185429880845,
            50.838399312504414
          ],
          [
            -60.33577668760915,
            50.73097870845865
          ],
          [
            -60.579958927438746,
            50.622570647854616
          ],
          [
            -60.82374482641302,
            50.51320573578227
          ],
          [
            -61.06714859220397,
            50.40291827259618
          ],
          [
            -61.310184438612815,
            50.291742573447934
          ],
          [
            -61.55286769175157,
            50.179715638845046
          ],
          [
            -61.79521465967195,
            50.0668768399071
          ],
          [
            -62.03724267206321,
            49.95326801420497
          ],
          [
            -62.27896881747398,
            49.83893041714449
          ],
          [
            -62.52041126521239,
            49.723907913315806
          ],
          [
            -62.761588436186805,
            49.60824721817242
          ],
          [
            -63.00251987743288,
            49.49199487476769
          ],
          [
            -63.24322483513729,
            49.375196587547045
          ],
          [
            -63.48372318209472,
            49.25790050143718
          ],
          [
            -63.724035273128784,
            49.14015595555058
          ],
          [
            -63.964181288426175,
            49.02201264972618
          ],
          [
            -64.20418083498437,
            48.90352020994834
          ],
          [
            -64.44405506027121,
            48.784728017918674
          ],
          [
            -64.68382439212408,
            48.665685921540366
          ],
          [
            -64.92350858572215,
            48.546443481571835
          ],
          [
            -65.16312767635955,
            48.42705091856625
          ],
          [
            -65.40270210021917,
            48.3075568301565
          ],
          [
            -65.64225214482492,
            48.18801133126
          ],
          [
            -65.88179712914588,
            48.068462380301526
          ],
          [
            -66.12135626606708,
            47.94895788606508
          ],
          [
            -66.36094816562573,
            47.82954702165703
          ],
          [
            -66.60059197565923,
            47.71027695653579
          ],
          [
            -66.8403066973023,
            47.59119532186598
          ],
          [
            -67.08010999149359,
            47.472347574669854
          ],
          [
            -67.3200196289083,
            47.353780457607115
          ],
          [
            -67.56005275883872,
            47.23554129313523
          ],
          [
            -67.80022682419131,
            47.11767698649413
          ],
          [
            -68.04055922093603,
            47.000232871937854
          ],
          [
            -68.2810659079839,
            46.88325514280881
          ],
          [
            -68.52176231354639,
            46.766790885768486
          ],
          [
            -68.7626639836875,
            46.65088730199466
          ],
          [
            -69.00378823338431,
            46.53559234853143
          ],
          [
            -69.245149448556,
            46.420953859907726
          ],
          [
            -69.4867634758961,
            46.307019997349315
          ],
          [
            -69.7286447633801,
            46.19384100202493
          ],
          [
            -69.97080807796583,
            46.08146925241332
          ],
          [
            -70.21326866530103,
            45.969955525604355
          ],
          [
            -70.45604096513141,
            45.859353245326
          ],
          [
            -70.69913854158771,
            45.74971795311565
          ],
          [
            -70.94257531116499,
            45.641106592724704
          ],
          [
            -71.1863655046787,
            45.53357825004135
          ],
          [
            -71.4305221997483,
            45.4271938683264
          ],
          [
            -71.6750571876447,
            45.322015843252004
          ],
          [
            -71.91998371533204,
            45.218109033021385
          ],
          [
            -72.16531304638781,
            45.115539219300125
          ],
          [
            -72.41105509148481,
            45.01437598408781
          ],
          [
            -72.65722107445569,
            44.914690250889755
          ],
          [
            -72.90382073887214,
            44.816556328625865
          ],
          [
            -73.15086161225665,
            44.72004991680337
          ],
          [
            -73.39835085440974,
            44.62524821134982
          ],
          [
            -73.64629542691277,
            44.5322313978204
          ],
          [
            -73.89469974248108,
            44.441081138759955
          ],
          [
            -74.143566377077,
            44.35188143283505
          ],
          [
            -74.39289698844055,
            44.26471924480144
          ],
          [
            -74.64269071155582,
            44.1796818417701
          ],
          [
            -74.8929450998681,
            44.09685699109247
          ],
          [
            -75.14365480753696,
            44.01633664042094
          ],
          [
            -75.3948117577763,
            43.938214664737174
          ],
          [
            -75.64640636883924,
            43.862583151837505
          ],
          [
            -75.89842469106513,
            43.78953671429209
          ],
          [
            -76.15085199916432,
            43.71917146142729
          ],
          [
            -76.40366806436595,
            43.65158250378922
          ],
          [
            -76.65685134738962,
            43.58686677225443
          ],
          [
            -76.91037512628824,
            43.52512008434895
          ],
          [
            -77.16421009066522,
            43.4664384843801
          ],
          [
            -77.41832324590828,
            43.41091949171422
          ],
          [
            -77.67267722184165,
            43.358657872177304
          ],
          [
            -77.92723092544377,
            43.309748568850125
          ],
          [
            -78.18193976183012,
            43.264287021258035
          ],
          [
            -78.4367545101845,
            43.22236524979354
          ],
          [
            -78.6916218159122,
            43.18407515686495
          ],
          [
            -78.94648583353565,
            43.14950786445166
          ],
          [
            -79.20128525180017,
            43.11875083276344
          ],
          [
            -79.45595459820186,
            43.091892187449105
          ],
          [
            -79.71042594521477,
            43.069015051217384
          ],
          [
            -79.96462714492932,
            43.05020143111723
          ],
          [
            -80.2184822474899,
            43.03553250324535
          ],
          [
            -80.47191263280165,
            43.02508391949739
          ],
          [
            -80.72483722378354,
            43.01893051033566
          ],
          [
            -80.97717083737386,
            43.017142486181186
          ],
          [
            -81.22882686788788,
            43.019788224875974
          ],
          [
            -81.47971723895097,
            43.02693162609952
          ],
          [
            -81.72975147215392,
            43.03863247212973
          ],
          [
            -81.97883787767796,
            43.054946556285245
          ],
          [
            -82.22688466419719,
            43.07592709974418
          ],
          [
            -82.47379952007488,
            43.10162242139518
          ],
          [
            -82.71949028196329,
            43.132075102079604
          ],
          [
            -82.96386531906181,
            43.16732323712925
          ],
          [
            -83.20683441960769,
            43.207401890057994
          ],
          [
            -83.4483090195975,
            43.25233951028744
          ],
          [
            -83.68820288522215,
            43.30215709241175
          ],
          [
            -83.92643281711567,
            43.35687367563389
          ],
          [
            -84.16291828896185,
            43.41650166355888
          ],
          [
            -84.39758283533844,
            43.481045452021995
          ],
          [
            -84.63035409944784,
            43.55050616922523
          ],
          [
            -84.86116482981521,
            43.62487600852958
          ],
          [
            -85.08995234223175,
            43.70414331880931
          ],
          [
            -85.31666037556452,
            43.78828790639973
          ],
          [
            -85.54123738219724,
            43.87728435969239
          ],
          [
            -85.76363866240382,
            43.97109783539953
          ],
          [
            -85.98382576252574,
            44.06969041062097
          ],
          [
            -86.20176759246647,
            44.17301491447122
          ],
          [
            -86.41743940086755,
            44.281017318362885
          ],
          [
            -86.63082321572043,
            44.39363917774072
          ],
          [
            -86.84190859917707,
            44.51081206674655
          ],
          [
            -87.05069200626198,
            44.63246440056331
          ],
          [
            -87.25717737776488,
            44.75851540709933
          ],
          [
            -87.4613746246387,
            44.88887871336764
          ],
          [
            -87.66330165242965,
            45.02346168439882
          ],
          [
            -87.86298347030969,
            45.16216691423934
          ],
          [
            -88.0604501069421,
            45.304890976243655
          ],
          [
            -88.25573958508717,
            45.45152548204869
          ],
          [
            -88.44889454334619,
            45.601956478239046
          ],
          [
            -88.63996472726971,
            45.756066280153604
          ],
          [
            -88.82900415897807,
            45.913732149667446
          ],
          [
            -89.01607298721093,
            46.074828441343016
          ],
          [
            -89.2012356856997,
            46.23922432495759
          ],
          [
            -89.38456099378887,
            46.406788774259624
          ],
          [
            -89.56612186917228,
            46.5773857616421
          ],
          [
            -89.7459953737056,
            46.750877640862896
          ],
          [
            -89.92426102106899,
            46.927125951063005
          ],
          [
            -90.1010021306396,
            47.1059895412128
          ],
          [
            -90.27630465160452,
            47.28732597958915
          ],
          [
            -90.45025620236153,
            47.47099356985342
          ],
          [
            -90.62294732208389,
            47.65684867036264
          ],
          [
            -90.79447007546136,
            47.84474707439257
          ],
          [
            -90.96491819332289,
            48.034545788693194
          ],
          [
            -91.13438585297709,
            48.22610230774411
          ],
          [
            -91.30296972194488,
            48.419273574500465
          ],
          [
            -91.47076644504293,
            48.61391669085536
          ],
          [
            -91.63787356657807,
            48.80989235558862
          ],
          [
            -91.80438929499743,
            49.007057985579664
          ],
          [
            -91.97041251608617,
            49.205274718707045
          ],
          [
            -92.13604209372396,
            49.40440607227346
          ],
          [
            -92.30137734474908,
            49.60431295410758
          ],
          [
            -92.46651800561914,
            49.80486024090085
          ],
          [
            -92.63156266542657,
            50.00591242685208
          ],
          [
            -92.7966103083462,
            50.207337259959615
          ],
          [
            -92.96176052830262,
            50.4090024399745
          ],
          [
            -93.1271113866421,
            50.6107762223833
          ],
          [
            -93.29276091802554,
            50.812530930903804
          ],
          [
            -93.4588057696425,
            51.01413791499371
          ],
          [
            -93.62534307744713,
            51.21547108079551
          ],
          [
            -93.7924674212984,
            51.416405356783805
          ],
          [
            -93.96027288205602,
            51.6168180191529
          ],
          [
            -94.12885287816344,
            51.81658815890917
          ],
          [
            -94.29829798013074,
            52.01559535828146
          ],
          [
            -94.46869700571666,
            52.21372371060653
          ],
          [
            -94.64013745509452,
            52.4108591023631
          ],
          [
            -94.81270364603407,
            52.606887468574406
          ],
          [
            -94.98647754175981,
            52.801699221127336
          ],
          [
            -95.16153830429015,
            52.99518824885884
          ],
          [
            -95.33796140646326,
            53.18725279891718
          ],
          [
            -95.51581906963926,
            53.37779080131767
          ],
          [
            -95.6951799105881,
            53.566705782905544
          ],
          [
            -95.87610856406621,
            53.75390633899717
          ],
          [
            -96.05866486433965,
            53.93930531477177
          ],
          [
            -96.24290453172877,
            54.12281732911514
          ],
          [
            -96.42887811702252,
            54.304364625871045
          ],
          [
            -96.61663217271379,
            54.483872211805824
          ],
          [
            -96.80620764867896,
            54.66127156726584
          ],
          [
            -96.997639940806,
            54.83650041552308
          ],
          [
            -97.1909581266583,
            55.00949983577478
          ],
          [
            -97.38618697192608,
            55.18021772380095
          ],
          [
            -97.5833457676843,
            55.34860779121263
          ],
          [
            -97.78244831943871,
            55.514629650582755
          ],
          [
            -97.9835033493236,
            55.678247948891055
          ],
          [
            -98.18651352788942,
            55.83943485257037
          ],
          [
            -98.39147625814839,
            55.998168341970725
          ],
          [
            -98.5983839626396,
            56.15443174126137
          ],
          [
            -98.807223999667,
            56.308214174428045
          ],
          [
            -99.01797895946905,
            56.459510129510775
          ],
          [
            -99.23062689325434,
            56.60831920454175
          ],
          [
            -99.44514055241062,
            56.75464825650726
          ],
          [
            -99.66148895638894,
            56.89850793521034
          ],
          [
            -99.8796373028908,
            57.03991321924261
          ],
          [
            -100.09954689555008,
            57.178883902955555
          ],
          [
            -100.32117497726644,
            57.31544529762178
          ],
          [
            -100.54447592762857,
            57.449625619094675
          ],
          [
            -100.76940106966005,
            57.58145670607138
          ],
          [
            -100.99589890203666,
            57.7109736782088
          ],
          [
            -101.22391573920576,
            57.83821357073187
          ],
          [
            -101.45339471875954,
            57.96321786681126
          ],
          [
            -101.68427695204018,
            58.08602980697893
          ],
          [
            -101.91650166447477,
            58.20669408473823
          ],
          [
            -102.15000625700445,
            58.325256676499556
          ],
          [
            -102.38472654213244,
            58.44176419119278
          ],
          [
            -102.62059616642946,
            58.55626512342895
          ],
          [
            -102.85754673150767,
            58.668809359005486
          ],
          [
            -103.09550892014718,
            58.77944519237837
          ],
          [
            -103.33441214830779,
            58.88822139223585
          ],
          [
            -103.57418347756715,
            58.995186746784846
          ],
          [
            -103.81474669959367,
            59.100390064965794
          ],
          [
            -104.05602578391785,
            59.203878470677566
          ],
          [
            -104.29794102272928,
            59.305698727882366
          ],
          [
            -104.54041192681416,
            59.405895776205895
          ],
          [
            -104.78335530719963,
            59.50451326860534
          ],
          [
            -105.02668391778568,
            59.60159388562262
          ],
          [
            -105.27030888569422,
            59.69717809074097
          ],
          [
            -105.51413895529971,
            59.791304216723844
          ],
          [
            -105.75807889791818,
            59.88400890993781
          ],
          [
            -106.00202972196904,
            59.97532684260858
          ],
          [
            -106.24588946647383,
            60.065290198600266
          ],
          [
            -106.4895526548202,
            60.15392873083748
          ],
          [
            -106.73290824583361,
            60.24127045954525
          ],
          [
            -106.97584189520829,
            60.32734060525327
          ],
          [
            -107.21823581265741,
            60.4121615397529
          ],
          [
            -107.45996561474406,
            60.495754005527345
          ],
          [
            -107.70090346806951,
            60.578135755708296
          ],
          [
            -107.94091753196977,
            60.659321754964296
          ],
          [
            -108.17987037775745,
            60.739324834502845
          ],
          [
            -108.4176197696694,
            60.81815582405208
          ],
          [
            -108.65401974143174,
            60.895822203565125
          ],
          [
            -108.88892021595265,
            60.97232859717007
          ],
          [
            -109.12216685524652,
            61.04767774456643
          ],
          [
            -109.35360158762686,
            61.121869998893516
          ],
          [
            -109.5830625655239,
            61.19490436387246
          ],
          [
            -109.81038586277315,
            61.26677549730716
          ],
          [
            -110.03540552955191,
            61.33747671225433
          ],
          [
            -110.25795168596304,
            61.40700012585081
          ],
          [
            -110.47785503040323,
            61.475335170047956
          ],
          [
            -110.6949439400475,
            61.54247020846881
          ],
          [
            -110.90904830041423,
            61.608391401794044
          ],
          [
            -111.11999756829678,
            61.673083995134306
          ],
          [
            -111.32762382269865,
            61.73653156966709
          ],
          [
            -111.53176076631219,
            61.79871699841472
          ],
          [
            -111.73224597079972,
            61.859622081099495
          ],
          [
            -111.92892078694946,
            61.919228164342286
          ],
          [
            -112.12163175192143,
            61.97751615479317
          ],
          [
            -112.31023137358213,
            62.03446679786808
          ],
          [
            -112.49457866354196,
            62.090061062371646
          ],
          [
            -112.67454075830528,
            62.14428007015289
          ],
          [
            -112.84999229357305,
            62.197105945953126
          ],
          [
            -113.02081788816423,
            62.24852136241446
          ],
          [
            -113.18691309093997,
            62.29850969864034
          ],
          [
            -113.34818198521249,
            62.34705655398792
          ],
          [
            -113.50454109876267,
            62.39414861472514
          ],
          [
            -113.65591953784644,
            62.439774043820876
          ],
          [
            -113.80225721116157,
            62.483923615681334
          ],
          [
            -113.94350719219553,
            62.52659008571078
          ],
          [
            -114.07963617484421,
            62.56776829445141
          ],
          [
            -116.25,
            63.25
          ]
        ]
      }
    }
  ]
}